﻿{"data":[{"Properties":{"domain":"INLANEFREIGHT.LOCAL","name":"COMPARTITIONS@INLANEFREIGHT.LOCAL","distinguishedname":"CN=COMPARTITIONS,CN=SYSTEM,DC=INLANEFREIGHT,DC=LOCAL","domainsid":"S-1-5-21-2814148634-3729814499-1637837074","highvalue":false},"ChildObjects":[],"Aces":[{"PrincipalSID":"S-1-5-21-2814148634-3729814499-1637837074-512","PrincipalType":"Group","RightName":"Owns","IsInherited":false},{"PrincipalSID":"S-1-5-21-2814148634-3729814499-1637837074-512","PrincipalType":"Group","RightName":"WriteDacl","IsInherited":false},{"PrincipalSID":"S-1-5-21-2814148634-3729814499-1637837074-512","PrincipalType":"Group","RightName":"WriteOwner","IsInherited":false},{"PrincipalSID":"S-1-5-21-2814148634-3729814499-1637837074-519","PrincipalType":"Group","RightName":"GenericAll","IsInherited":true},{"PrincipalSID":"INLANEFREIGHT.LOCAL-S-1-5-32-544","PrincipalType":"Group","RightName":"WriteDacl","IsInherited":true},{"PrincipalSID":"INLANEFREIGHT.LOCAL-S-1-5-32-544","PrincipalType":"Group","RightName":"WriteOwner","IsInherited":true}],"ObjectIdentifier":"41D82847-2192-4E2E-8F9D-A3AB46766447","IsDeleted":false,"IsACLProtected":false},{"Properties":{"domain":"INLANEFREIGHT.LOCAL","name":"POLICYTYPE@INLANEFREIGHT.LOCAL","distinguishedname":"CN=POLICYTYPE,CN=WMIPOLICY,CN=SYSTEM,DC=INLANEFREIGHT,DC=LOCAL","domainsid":"S-1-5-21-2814148634-3729814499-1637837074","highvalue":false},"ChildObjects":[],"Aces":[{"PrincipalSID":"S-1-5-21-2814148634-3729814499-1637837074-512","PrincipalType":"Group","RightName":"Owns","IsInherited":false},{"PrincipalSID":"S-1-5-21-2814148634-3729814499-1637837074-512","PrincipalType":"Group","RightName":"WriteDacl","IsInherited":false},{"PrincipalSID":"S-1-5-21-2814148634-3729814499-1637837074-512","PrincipalType":"Group","RightName":"WriteOwner","IsInherited":false},{"PrincipalSID":"S-1-5-21-2814148634-3729814499-1637837074-519","PrincipalType":"Group","RightName":"GenericAll","IsInherited":true},{"PrincipalSID":"S-1-5-21-2814148634-3729814499-1637837074-512","PrincipalType":"Group","RightName":"GenericAll","IsInherited":true}],"ObjectIdentifier":"49F07AD6-EBFA-4C5E-BFA4-9D210CE6A607","IsDeleted":false,"IsACLProtected":false},{"Properties":{"domain":"INLANEFREIGHT.LOCAL","name":"MICROSOFT@INLANEFREIGHT.LOCAL","distinguishedname":"CN=MICROSOFT,CN=PROGRAM DATA,DC=INLANEFREIGHT,DC=LOCAL","domainsid":"S-1-5-21-2814148634-3729814499-1637837074","highvalue":false},"ChildObjects":[],"Aces":[{"PrincipalSID":"S-1-5-21-2814148634-3729814499-1637837074-512","PrincipalType":"Group","RightName":"Owns","IsInherited":false},{"PrincipalSID":"S-1-5-21-2814148634-3729814499-1637837074-512","PrincipalType":"Group","RightName":"GenericAll","IsInherited":false},{"PrincipalSID":"S-1-5-21-2814148634-3729814499-1637837074-519","PrincipalType":"Group","RightName":"GenericAll","IsInherited":true},{"PrincipalSID":"INLANEFREIGHT.LOCAL-S-1-5-32-544","PrincipalType":"Group","RightName":"WriteDacl","IsInherited":true},{"PrincipalSID":"INLANEFREIGHT.LOCAL-S-1-5-32-544","PrincipalType":"Group","RightName":"WriteOwner","IsInherited":true}],"ObjectIdentifier":"28FDE651-1CA9-433A-9E6B-A6AA3D8F65AD","IsDeleted":false,"IsACLProtected":false},{"Properties":{"domain":"INLANEFREIGHT.LOCAL","name":"MANAGED SERVICE ACCOUNTS@INLANEFREIGHT.LOCAL","distinguishedname":"CN=MANAGED SERVICE ACCOUNTS,DC=INLANEFREIGHT,DC=LOCAL","domainsid":"S-1-5-21-2814148634-3729814499-1637837074","highvalue":false},"ChildObjects":[],"Aces":[{"PrincipalSID":"S-1-5-21-2814148634-3729814499-1637837074-512","PrincipalType":"Group","RightName":"Owns","IsInherited":false},{"PrincipalSID":"S-1-5-21-2814148634-3729814499-1637837074-512","PrincipalType":"Group","RightName":"WriteDacl","IsInherited":false},{"PrincipalSID":"S-1-5-21-2814148634-3729814499-1637837074-512","PrincipalType":"Group","RightName":"WriteOwner","IsInherited":false},{"PrincipalSID":"S-1-5-21-2814148634-3729814499-1637837074-519","PrincipalType":"Group","RightName":"GenericAll","IsInherited":true},{"PrincipalSID":"INLANEFREIGHT.LOCAL-S-1-5-32-544","PrincipalType":"Group","RightName":"WriteDacl","IsInherited":true},{"PrincipalSID":"INLANEFREIGHT.LOCAL-S-1-5-32-544","PrincipalType":"Group","RightName":"WriteOwner","IsInherited":true}],"ObjectIdentifier":"348D0594-47F3-42A0-B803-BD739C442B95","IsDeleted":false,"IsACLProtected":false},{"Properties":{"domain":"INLANEFREIGHT.LOCAL","name":"MEETINGS@INLANEFREIGHT.LOCAL","distinguishedname":"CN=MEETINGS,CN=SYSTEM,DC=INLANEFREIGHT,DC=LOCAL","domainsid":"S-1-5-21-2814148634-3729814499-1637837074","highvalue":false},"ChildObjects":[],"Aces":[{"PrincipalSID":"S-1-5-21-2814148634-3729814499-1637837074-512","PrincipalType":"Group","RightName":"Owns","IsInherited":false},{"PrincipalSID":"S-1-5-21-2814148634-3729814499-1637837074-512","PrincipalType":"Group","RightName":"WriteDacl","IsInherited":false},{"PrincipalSID":"S-1-5-21-2814148634-3729814499-1637837074-512","PrincipalType":"Group","RightName":"WriteOwner","IsInherited":false},{"PrincipalSID":"S-1-5-21-2814148634-3729814499-1637837074-519","PrincipalType":"Group","RightName":"GenericAll","IsInherited":true},{"PrincipalSID":"INLANEFREIGHT.LOCAL-S-1-5-32-544","PrincipalType":"Group","RightName":"WriteDacl","IsInherited":true},{"PrincipalSID":"INLANEFREIGHT.LOCAL-S-1-5-32-544","PrincipalType":"Group","RightName":"WriteOwner","IsInherited":true}],"ObjectIdentifier":"5DACF8C2-8067-4D4C-80CF-6B4718B237E5","IsDeleted":false,"IsACLProtected":false},{"Properties":{"domain":"INLANEFREIGHT.LOCAL","name":"SOM@INLANEFREIGHT.LOCAL","distinguishedname":"CN=SOM,CN=WMIPOLICY,CN=SYSTEM,DC=INLANEFREIGHT,DC=LOCAL","domainsid":"S-1-5-21-2814148634-3729814499-1637837074","highvalue":false},"ChildObjects":[],"Aces":[{"PrincipalSID":"S-1-5-21-2814148634-3729814499-1637837074-512","PrincipalType":"Group","RightName":"Owns","IsInherited":false},{"PrincipalSID":"S-1-5-21-2814148634-3729814499-1637837074-512","PrincipalType":"Group","RightName":"GenericAll","IsInherited":false},{"PrincipalSID":"S-1-5-21-2814148634-3729814499-1637837074-519","PrincipalType":"Group","RightName":"GenericAll","IsInherited":false}],"ObjectIdentifier":"357C271F-A0B4-4A1F-A851-998289D086AD","IsDeleted":false,"IsACLProtected":true},{"Properties":{"domain":"INLANEFREIGHT.LOCAL","name":"POLICYTEMPLATE@INLANEFREIGHT.LOCAL","distinguishedname":"CN=POLICYTEMPLATE,CN=WMIPOLICY,CN=SYSTEM,DC=INLANEFREIGHT,DC=LOCAL","domainsid":"S-1-5-21-2814148634-3729814499-1637837074","highvalue":false},"ChildObjects":[],"Aces":[{"PrincipalSID":"S-1-5-21-2814148634-3729814499-1637837074-512","PrincipalType":"Group","RightName":"Owns","IsInherited":false},{"PrincipalSID":"S-1-5-21-2814148634-3729814499-1637837074-512","PrincipalType":"Group","RightName":"WriteDacl","IsInherited":false},{"PrincipalSID":"S-1-5-21-2814148634-3729814499-1637837074-512","PrincipalType":"Group","RightName":"WriteOwner","IsInherited":false},{"PrincipalSID":"S-1-5-21-2814148634-3729814499-1637837074-519","PrincipalType":"Group","RightName":"GenericAll","IsInherited":true},{"PrincipalSID":"S-1-5-21-2814148634-3729814499-1637837074-512","PrincipalType":"Group","RightName":"GenericAll","IsInherited":true}],"ObjectIdentifier":"D97FC703-7FE7-48C0-ACE8-526DCD6B0465","IsDeleted":false,"IsACLProtected":false},{"Properties":{"domain":"INLANEFREIGHT.LOCAL","name":"RPCSERVICES@INLANEFREIGHT.LOCAL","distinguishedname":"CN=RPCSERVICES,CN=SYSTEM,DC=INLANEFREIGHT,DC=LOCAL","domainsid":"S-1-5-21-2814148634-3729814499-1637837074","highvalue":false},"ChildObjects":[],"Aces":[{"PrincipalSID":"S-1-5-21-2814148634-3729814499-1637837074-512","PrincipalType":"Group","RightName":"Owns","IsInherited":false},{"PrincipalSID":"S-1-5-21-2814148634-3729814499-1637837074-512","PrincipalType":"Group","RightName":"WriteDacl","IsInherited":false},{"PrincipalSID":"S-1-5-21-2814148634-3729814499-1637837074-512","PrincipalType":"Group","RightName":"WriteOwner","IsInherited":false},{"PrincipalSID":"S-1-5-21-2814148634-3729814499-1637837074-519","PrincipalType":"Group","RightName":"GenericAll","IsInherited":true},{"PrincipalSID":"INLANEFREIGHT.LOCAL-S-1-5-32-544","PrincipalType":"Group","RightName":"WriteDacl","IsInherited":true},{"PrincipalSID":"INLANEFREIGHT.LOCAL-S-1-5-32-544","PrincipalType":"Group","RightName":"WriteOwner","IsInherited":true}],"ObjectIdentifier":"12C18FD7-6E73-4DAF-8536-20F04C70343B","IsDeleted":false,"IsACLProtected":false},{"Properties":{"domain":"INLANEFREIGHT.LOCAL","name":"WINSOCKSERVICES@INLANEFREIGHT.LOCAL","distinguishedname":"CN=WINSOCKSERVICES,CN=SYSTEM,DC=INLANEFREIGHT,DC=LOCAL","domainsid":"S-1-5-21-2814148634-3729814499-1637837074","highvalue":false},"ChildObjects":[],"Aces":[{"PrincipalSID":"S-1-5-21-2814148634-3729814499-1637837074-512","PrincipalType":"Group","RightName":"Owns","IsInherited":false},{"PrincipalSID":"S-1-5-21-2814148634-3729814499-1637837074-512","PrincipalType":"Group","RightName":"WriteDacl","IsInherited":false},{"PrincipalSID":"S-1-5-21-2814148634-3729814499-1637837074-512","PrincipalType":"Group","RightName":"WriteOwner","IsInherited":false},{"PrincipalSID":"S-1-5-21-2814148634-3729814499-1637837074-519","PrincipalType":"Group","RightName":"GenericAll","IsInherited":true},{"PrincipalSID":"INLANEFREIGHT.LOCAL-S-1-5-32-544","PrincipalType":"Group","RightName":"WriteDacl","IsInherited":true},{"PrincipalSID":"INLANEFREIGHT.LOCAL-S-1-5-32-544","PrincipalType":"Group","RightName":"WriteOwner","IsInherited":true}],"ObjectIdentifier":"0CDEF2FC-B580-46A7-8614-4C6E802A746F","IsDeleted":false,"IsACLProtected":false},{"Properties":{"domain":"INLANEFREIGHT.LOCAL","name":"ADMINSDHOLDER@INLANEFREIGHT.LOCAL","distinguishedname":"CN=ADMINSDHOLDER,CN=SYSTEM,DC=INLANEFREIGHT,DC=LOCAL","domainsid":"S-1-5-21-2814148634-3729814499-1637837074","highvalue":false},"ChildObjects":[],"Aces":[{"PrincipalSID":"S-1-5-21-2814148634-3729814499-1637837074-512","PrincipalType":"Group","RightName":"Owns","IsInherited":false},{"PrincipalSID":"INLANEFREIGHT.LOCAL-S-1-5-32-544","PrincipalType":"Group","RightName":"WriteDacl","IsInherited":false},{"PrincipalSID":"INLANEFREIGHT.LOCAL-S-1-5-32-544","PrincipalType":"Group","RightName":"WriteOwner","IsInherited":false},{"PrincipalSID":"S-1-5-21-2814148634-3729814499-1637837074-512","PrincipalType":"Group","RightName":"WriteDacl","IsInherited":false},{"PrincipalSID":"S-1-5-21-2814148634-3729814499-1637837074-512","PrincipalType":"Group","RightName":"WriteOwner","IsInherited":false},{"PrincipalSID":"S-1-5-21-2814148634-3729814499-1637837074-519","PrincipalType":"Group","RightName":"WriteDacl","IsInherited":false},{"PrincipalSID":"S-1-5-21-2814148634-3729814499-1637837074-519","PrincipalType":"Group","RightName":"WriteOwner","IsInherited":false}],"ObjectIdentifier":"C4E858BC-ADDB-423D-92AD-55E789368C6F","IsDeleted":false,"IsACLProtected":true},{"Properties":{"domain":"INLANEFREIGHT.LOCAL","name":"COMPARTITIONSETS@INLANEFREIGHT.LOCAL","distinguishedname":"CN=COMPARTITIONSETS,CN=SYSTEM,DC=INLANEFREIGHT,DC=LOCAL","domainsid":"S-1-5-21-2814148634-3729814499-1637837074","highvalue":false},"ChildObjects":[],"Aces":[{"PrincipalSID":"S-1-5-21-2814148634-3729814499-1637837074-512","PrincipalType":"Group","RightName":"Owns","IsInherited":false},{"PrincipalSID":"S-1-5-21-2814148634-3729814499-1637837074-512","PrincipalType":"Group","RightName":"WriteDacl","IsInherited":false},{"PrincipalSID":"S-1-5-21-2814148634-3729814499-1637837074-512","PrincipalType":"Group","RightName":"WriteOwner","IsInherited":false},{"PrincipalSID":"S-1-5-21-2814148634-3729814499-1637837074-519","PrincipalType":"Group","RightName":"GenericAll","IsInherited":true},{"PrincipalSID":"INLANEFREIGHT.LOCAL-S-1-5-32-544","PrincipalType":"Group","RightName":"WriteDacl","IsInherited":true},{"PrincipalSID":"INLANEFREIGHT.LOCAL-S-1-5-32-544","PrincipalType":"Group","RightName":"WriteOwner","IsInherited":true}],"ObjectIdentifier":"41684A29-FFFA-42D0-B6E5-99EF795A6CE3","IsDeleted":false,"IsACLProtected":false},{"Properties":{"domain":"INLANEFREIGHT.LOCAL","name":"PSPS@INLANEFREIGHT.LOCAL","distinguishedname":"CN=PSPS,CN=SYSTEM,DC=INLANEFREIGHT,DC=LOCAL","domainsid":"S-1-5-21-2814148634-3729814499-1637837074","highvalue":false},"ChildObjects":[],"Aces":[{"PrincipalSID":"S-1-5-21-2814148634-3729814499-1637837074-512","PrincipalType":"Group","RightName":"Owns","IsInherited":false},{"PrincipalSID":"S-1-5-21-2814148634-3729814499-1637837074-512","PrincipalType":"Group","RightName":"GenericAll","IsInherited":false},{"PrincipalSID":"S-1-5-21-2814148634-3729814499-1637837074-519","PrincipalType":"Group","RightName":"GenericAll","IsInherited":true},{"PrincipalSID":"INLANEFREIGHT.LOCAL-S-1-5-32-544","PrincipalType":"Group","RightName":"WriteDacl","IsInherited":true},{"PrincipalSID":"INLANEFREIGHT.LOCAL-S-1-5-32-544","PrincipalType":"Group","RightName":"WriteOwner","IsInherited":true}],"ObjectIdentifier":"F9180909-C93A-4AE8-B2CD-72BE4B546394","IsDeleted":false,"IsACLProtected":false},{"Properties":{"domain":"INLANEFREIGHT.LOCAL","name":"WMIGPO@INLANEFREIGHT.LOCAL","distinguishedname":"CN=WMIGPO,CN=WMIPOLICY,CN=SYSTEM,DC=INLANEFREIGHT,DC=LOCAL","domainsid":"S-1-5-21-2814148634-3729814499-1637837074","highvalue":false},"ChildObjects":[],"Aces":[{"PrincipalSID":"S-1-5-21-2814148634-3729814499-1637837074-512","PrincipalType":"Group","RightName":"Owns","IsInherited":false},{"PrincipalSID":"S-1-5-21-2814148634-3729814499-1637837074-512","PrincipalType":"Group","RightName":"WriteDacl","IsInherited":false},{"PrincipalSID":"S-1-5-21-2814148634-3729814499-1637837074-512","PrincipalType":"Group","RightName":"WriteOwner","IsInherited":false},{"PrincipalSID":"S-1-5-21-2814148634-3729814499-1637837074-519","PrincipalType":"Group","RightName":"GenericAll","IsInherited":true},{"PrincipalSID":"S-1-5-21-2814148634-3729814499-1637837074-512","PrincipalType":"Group","RightName":"GenericAll","IsInherited":true}],"ObjectIdentifier":"7C890125-556D-4BB7-A591-51A10D2EA911","IsDeleted":false,"IsACLProtected":false},{"Properties":{"domain":"INLANEFREIGHT.LOCAL","name":"RAS AND IAS SERVERS ACCESS CHECK@INLANEFREIGHT.LOCAL","distinguishedname":"CN=RAS AND IAS SERVERS ACCESS CHECK,CN=SYSTEM,DC=INLANEFREIGHT,DC=LOCAL","domainsid":"S-1-5-21-2814148634-3729814499-1637837074","highvalue":false},"ChildObjects":[],"Aces":[{"PrincipalSID":"S-1-5-21-2814148634-3729814499-1637837074-512","PrincipalType":"Group","RightName":"Owns","IsInherited":false},{"PrincipalSID":"S-1-5-21-2814148634-3729814499-1637837074-553","PrincipalType":"Group","RightName":"WriteDacl","IsInherited":false},{"PrincipalSID":"S-1-5-21-2814148634-3729814499-1637837074-553","PrincipalType":"Group","RightName":"WriteOwner","IsInherited":false},{"PrincipalSID":"S-1-5-21-2814148634-3729814499-1637837074-519","PrincipalType":"Group","RightName":"GenericAll","IsInherited":true},{"PrincipalSID":"INLANEFREIGHT.LOCAL-S-1-5-32-544","PrincipalType":"Group","RightName":"WriteDacl","IsInherited":true},{"PrincipalSID":"INLANEFREIGHT.LOCAL-S-1-5-32-544","PrincipalType":"Group","RightName":"WriteOwner","IsInherited":true}],"ObjectIdentifier":"EF1E54F1-913B-4C6F-B9B8-1208BC867F67","IsDeleted":false,"IsACLProtected":false},{"Properties":{"domain":"INLANEFREIGHT.LOCAL","name":"FOREIGNSECURITYPRINCIPALS@INLANEFREIGHT.LOCAL","distinguishedname":"CN=FOREIGNSECURITYPRINCIPALS,DC=INLANEFREIGHT,DC=LOCAL","domainsid":"S-1-5-21-2814148634-3729814499-1637837074","highvalue":false},"ChildObjects":[],"Aces":[{"PrincipalSID":"S-1-5-21-2814148634-3729814499-1637837074-512","PrincipalType":"Group","RightName":"Owns","IsInherited":false},{"PrincipalSID":"S-1-5-21-2814148634-3729814499-1637837074-512","PrincipalType":"Group","RightName":"GenericAll","IsInherited":false},{"PrincipalSID":"S-1-5-21-2814148634-3729814499-1637837074-519","PrincipalType":"Group","RightName":"GenericAll","IsInherited":true},{"PrincipalSID":"INLANEFREIGHT.LOCAL-S-1-5-32-544","PrincipalType":"Group","RightName":"WriteDacl","IsInherited":true},{"PrincipalSID":"INLANEFREIGHT.LOCAL-S-1-5-32-544","PrincipalType":"Group","RightName":"WriteOwner","IsInherited":true}],"ObjectIdentifier":"918D6C4C-3BB9-47F2-8361-CFE3B505EBB5","IsDeleted":false,"IsACLProtected":false},{"Properties":{"domain":"INLANEFREIGHT.LOCAL","name":"PROGRAM DATA@INLANEFREIGHT.LOCAL","distinguishedname":"CN=PROGRAM DATA,DC=INLANEFREIGHT,DC=LOCAL","domainsid":"S-1-5-21-2814148634-3729814499-1637837074","highvalue":false},"ChildObjects":[],"Aces":[{"PrincipalSID":"S-1-5-21-2814148634-3729814499-1637837074-512","PrincipalType":"Group","RightName":"Owns","IsInherited":false},{"PrincipalSID":"S-1-5-21-2814148634-3729814499-1637837074-512","PrincipalType":"Group","RightName":"GenericAll","IsInherited":false},{"PrincipalSID":"S-1-5-21-2814148634-3729814499-1637837074-519","PrincipalType":"Group","RightName":"GenericAll","IsInherited":true},{"PrincipalSID":"INLANEFREIGHT.LOCAL-S-1-5-32-544","PrincipalType":"Group","RightName":"WriteDacl","IsInherited":true},{"PrincipalSID":"INLANEFREIGHT.LOCAL-S-1-5-32-544","PrincipalType":"Group","RightName":"WriteOwner","IsInherited":true}],"ObjectIdentifier":"87C9FB29-53CE-440D-9ACA-0377AC706FED","IsDeleted":false,"IsACLProtected":false},{"Properties":{"domain":"INLANEFREIGHT.LOCAL","name":"SYSTEM@INLANEFREIGHT.LOCAL","distinguishedname":"CN=SYSTEM,DC=INLANEFREIGHT,DC=LOCAL","domainsid":"S-1-5-21-2814148634-3729814499-1637837074","highvalue":false},"ChildObjects":[],"Aces":[{"PrincipalSID":"S-1-5-21-2814148634-3729814499-1637837074-512","PrincipalType":"Group","RightName":"Owns","IsInherited":false},{"PrincipalSID":"S-1-5-21-2814148634-3729814499-1637837074-512","PrincipalType":"Group","RightName":"WriteDacl","IsInherited":false},{"PrincipalSID":"S-1-5-21-2814148634-3729814499-1637837074-512","PrincipalType":"Group","RightName":"WriteOwner","IsInherited":false},{"PrincipalSID":"S-1-5-21-2814148634-3729814499-1637837074-519","PrincipalType":"Group","RightName":"GenericAll","IsInherited":true},{"PrincipalSID":"INLANEFREIGHT.LOCAL-S-1-5-32-544","PrincipalType":"Group","RightName":"WriteDacl","IsInherited":true},{"PrincipalSID":"INLANEFREIGHT.LOCAL-S-1-5-32-544","PrincipalType":"Group","RightName":"WriteOwner","IsInherited":true}],"ObjectIdentifier":"8E8C421E-CD7D-4C2C-9A41-FD8703AA80A8","IsDeleted":false,"IsACLProtected":false},{"Properties":{"domain":"INLANEFREIGHT.LOCAL","name":"POLICIES@INLANEFREIGHT.LOCAL","distinguishedname":"CN=POLICIES,CN=SYSTEM,DC=INLANEFREIGHT,DC=LOCAL","domainsid":"S-1-5-21-2814148634-3729814499-1637837074","highvalue":false},"ChildObjects":[],"Aces":[{"PrincipalSID":"S-1-5-21-2814148634-3729814499-1637837074-512","PrincipalType":"Group","RightName":"Owns","IsInherited":false},{"PrincipalSID":"S-1-5-21-2814148634-3729814499-1637837074-512","PrincipalType":"Group","RightName":"WriteDacl","IsInherited":false},{"PrincipalSID":"S-1-5-21-2814148634-3729814499-1637837074-512","PrincipalType":"Group","RightName":"WriteOwner","IsInherited":false},{"PrincipalSID":"S-1-5-21-2814148634-3729814499-1637837074-519","PrincipalType":"Group","RightName":"GenericAll","IsInherited":true},{"PrincipalSID":"INLANEFREIGHT.LOCAL-S-1-5-32-544","PrincipalType":"Group","RightName":"WriteDacl","IsInherited":true},{"PrincipalSID":"INLANEFREIGHT.LOCAL-S-1-5-32-544","PrincipalType":"Group","RightName":"WriteOwner","IsInherited":true}],"ObjectIdentifier":"04D60747-26E0-4191-84C3-6BC894AED033","IsDeleted":false,"IsACLProtected":false},{"Properties":{"domain":"INLANEFREIGHT.LOCAL","name":"WMIPOLICY@INLANEFREIGHT.LOCAL","distinguishedname":"CN=WMIPOLICY,CN=SYSTEM,DC=INLANEFREIGHT,DC=LOCAL","domainsid":"S-1-5-21-2814148634-3729814499-1637837074","highvalue":false},"ChildObjects":[],"Aces":[{"PrincipalSID":"S-1-5-21-2814148634-3729814499-1637837074-512","PrincipalType":"Group","RightName":"Owns","IsInherited":false},{"PrincipalSID":"S-1-5-21-2814148634-3729814499-1637837074-512","PrincipalType":"Group","RightName":"GenericAll","IsInherited":false},{"PrincipalSID":"S-1-5-21-2814148634-3729814499-1637837074-519","PrincipalType":"Group","RightName":"GenericAll","IsInherited":false}],"ObjectIdentifier":"BDCE27E2-F60A-49AC-AA63-D14CDEF9043E","IsDeleted":false,"IsACLProtected":true},{"Properties":{"domain":"INLANEFREIGHT.LOCAL","name":"COMPUTERS@INLANEFREIGHT.LOCAL","distinguishedname":"CN=COMPUTERS,DC=INLANEFREIGHT,DC=LOCAL","domainsid":"S-1-5-21-2814148634-3729814499-1637837074","highvalue":false},"ChildObjects":[{"ObjectIdentifier":"S-1-5-21-2814148634-3729814499-1637837074-4629","ObjectType":"Computer"},{"ObjectIdentifier":"S-1-5-21-2814148634-3729814499-1637837074-4630","ObjectType":"Computer"},{"ObjectIdentifier":"S-1-5-21-2814148634-3729814499-1637837074-1176","ObjectType":"Computer"},{"ObjectIdentifier":"S-1-5-21-2814148634-3729814499-1637837074-1159","ObjectType":"Computer"},{"ObjectIdentifier":"S-1-5-21-2814148634-3729814499-1637837074-1162","ObjectType":"Computer"},{"ObjectIdentifier":"S-1-5-21-2814148634-3729814499-1637837074-1161","ObjectType":"Computer"},{"ObjectIdentifier":"S-1-5-21-2814148634-3729814499-1637837074-1106","ObjectType":"Computer"},{"ObjectIdentifier":"S-1-5-21-2814148634-3729814499-1637837074-1160","ObjectType":"Computer"},{"ObjectIdentifier":"S-1-5-21-2814148634-3729814499-1637837074-1163","ObjectType":"Computer"},{"ObjectIdentifier":"S-1-5-21-2814148634-3729814499-1637837074-1526","ObjectType":"Computer"},{"ObjectIdentifier":"S-1-5-21-2814148634-3729814499-1637837074-1527","ObjectType":"Computer"},{"ObjectIdentifier":"S-1-5-21-2814148634-3729814499-1637837074-1528","ObjectType":"Computer"},{"ObjectIdentifier":"S-1-5-21-2814148634-3729814499-1637837074-1529","ObjectType":"Computer"},{"ObjectIdentifier":"S-1-5-21-2814148634-3729814499-1637837074-1530","ObjectType":"Computer"},{"ObjectIdentifier":"S-1-5-21-2814148634-3729814499-1637837074-1531","ObjectType":"Computer"},{"ObjectIdentifier":"S-1-5-21-2814148634-3729814499-1637837074-1523","ObjectType":"Computer"},{"ObjectIdentifier":"S-1-5-21-2814148634-3729814499-1637837074-1524","ObjectType":"Computer"},{"ObjectIdentifier":"S-1-5-21-2814148634-3729814499-1637837074-1525","ObjectType":"Computer"},{"ObjectIdentifier":"S-1-5-21-2814148634-3729814499-1637837074-1135","ObjectType":"Computer"},{"ObjectIdentifier":"S-1-5-21-2814148634-3729814499-1637837074-1136","ObjectType":"Computer"},{"ObjectIdentifier":"S-1-5-21-2814148634-3729814499-1637837074-1137","ObjectType":"Computer"},{"ObjectIdentifier":"S-1-5-21-2814148634-3729814499-1637837074-1138","ObjectType":"Computer"},{"ObjectIdentifier":"S-1-5-21-2814148634-3729814499-1637837074-1139","ObjectType":"Computer"},{"ObjectIdentifier":"S-1-5-21-2814148634-3729814499-1637837074-1140","ObjectType":"Computer"},{"ObjectIdentifier":"S-1-5-21-2814148634-3729814499-1637837074-1141","ObjectType":"Computer"},{"ObjectIdentifier":"S-1-5-21-2814148634-3729814499-1637837074-1142","ObjectType":"Computer"},{"ObjectIdentifier":"S-1-5-21-2814148634-3729814499-1637837074-1143","ObjectType":"Computer"},{"ObjectIdentifier":"S-1-5-21-2814148634-3729814499-1637837074-1144","ObjectType":"Computer"},{"ObjectIdentifier":"S-1-5-21-2814148634-3729814499-1637837074-1145","ObjectType":"Computer"},{"ObjectIdentifier":"S-1-5-21-2814148634-3729814499-1637837074-1146","ObjectType":"Computer"},{"ObjectIdentifier":"S-1-5-21-2814148634-3729814499-1637837074-1147","ObjectType":"Computer"},{"ObjectIdentifier":"S-1-5-21-2814148634-3729814499-1637837074-1148","ObjectType":"Computer"},{"ObjectIdentifier":"S-1-5-21-2814148634-3729814499-1637837074-1149","ObjectType":"Computer"},{"ObjectIdentifier":"S-1-5-21-2814148634-3729814499-1637837074-1150","ObjectType":"Computer"},{"ObjectIdentifier":"S-1-5-21-2814148634-3729814499-1637837074-1151","ObjectType":"Computer"},{"ObjectIdentifier":"S-1-5-21-2814148634-3729814499-1637837074-1152","ObjectType":"Computer"},{"ObjectIdentifier":"S-1-5-21-2814148634-3729814499-1637837074-1153","ObjectType":"Computer"},{"ObjectIdentifier":"S-1-5-21-2814148634-3729814499-1637837074-1464","ObjectType":"Computer"},{"ObjectIdentifier":"S-1-5-21-2814148634-3729814499-1637837074-1465","ObjectType":"Computer"},{"ObjectIdentifier":"S-1-5-21-2814148634-3729814499-1637837074-1466","ObjectType":"Computer"},{"ObjectIdentifier":"S-1-5-21-2814148634-3729814499-1637837074-1467","ObjectType":"Computer"},{"ObjectIdentifier":"S-1-5-21-2814148634-3729814499-1637837074-1468","ObjectType":"Computer"},{"ObjectIdentifier":"S-1-5-21-2814148634-3729814499-1637837074-1469","ObjectType":"Computer"},{"ObjectIdentifier":"S-1-5-21-2814148634-3729814499-1637837074-1470","ObjectType":"Computer"},{"ObjectIdentifier":"S-1-5-21-2814148634-3729814499-1637837074-1471","ObjectType":"Computer"},{"ObjectIdentifier":"S-1-5-21-2814148634-3729814499-1637837074-1472","ObjectType":"Computer"},{"ObjectIdentifier":"S-1-5-21-2814148634-3729814499-1637837074-1473","ObjectType":"Computer"},{"ObjectIdentifier":"S-1-5-21-2814148634-3729814499-1637837074-1474","ObjectType":"Computer"},{"ObjectIdentifier":"S-1-5-21-2814148634-3729814499-1637837074-1475","ObjectType":"Computer"},{"ObjectIdentifier":"S-1-5-21-2814148634-3729814499-1637837074-1476","ObjectType":"Computer"},{"ObjectIdentifier":"S-1-5-21-2814148634-3729814499-1637837074-1477","ObjectType":"Computer"},{"ObjectIdentifier":"S-1-5-21-2814148634-3729814499-1637837074-1478","ObjectType":"Computer"},{"ObjectIdentifier":"S-1-5-21-2814148634-3729814499-1637837074-1479","ObjectType":"Computer"},{"ObjectIdentifier":"S-1-5-21-2814148634-3729814499-1637837074-1480","ObjectType":"Computer"},{"ObjectIdentifier":"S-1-5-21-2814148634-3729814499-1637837074-1481","ObjectType":"Computer"},{"ObjectIdentifier":"S-1-5-21-2814148634-3729814499-1637837074-1482","ObjectType":"Computer"},{"ObjectIdentifier":"S-1-5-21-2814148634-3729814499-1637837074-1483","ObjectType":"Computer"},{"ObjectIdentifier":"S-1-5-21-2814148634-3729814499-1637837074-1484","ObjectType":"Computer"},{"ObjectIdentifier":"S-1-5-21-2814148634-3729814499-1637837074-1485","ObjectType":"Computer"},{"ObjectIdentifier":"S-1-5-21-2814148634-3729814499-1637837074-1486","ObjectType":"Computer"},{"ObjectIdentifier":"S-1-5-21-2814148634-3729814499-1637837074-1487","ObjectType":"Computer"},{"ObjectIdentifier":"S-1-5-21-2814148634-3729814499-1637837074-1488","ObjectType":"Computer"},{"ObjectIdentifier":"S-1-5-21-2814148634-3729814499-1637837074-1489","ObjectType":"Computer"},{"ObjectIdentifier":"S-1-5-21-2814148634-3729814499-1637837074-1490","ObjectType":"Computer"},{"ObjectIdentifier":"S-1-5-21-2814148634-3729814499-1637837074-1491","ObjectType":"Computer"},{"ObjectIdentifier":"S-1-5-21-2814148634-3729814499-1637837074-1492","ObjectType":"Computer"},{"ObjectIdentifier":"S-1-5-21-2814148634-3729814499-1637837074-1493","ObjectType":"Computer"},{"ObjectIdentifier":"S-1-5-21-2814148634-3729814499-1637837074-1494","ObjectType":"Computer"},{"ObjectIdentifier":"S-1-5-21-2814148634-3729814499-1637837074-1495","ObjectType":"Computer"},{"ObjectIdentifier":"S-1-5-21-2814148634-3729814499-1637837074-1496","ObjectType":"Computer"},{"ObjectIdentifier":"S-1-5-21-2814148634-3729814499-1637837074-1497","ObjectType":"Computer"},{"ObjectIdentifier":"S-1-5-21-2814148634-3729814499-1637837074-1498","ObjectType":"Computer"},{"ObjectIdentifier":"S-1-5-21-2814148634-3729814499-1637837074-1499","ObjectType":"Computer"},{"ObjectIdentifier":"S-1-5-21-2814148634-3729814499-1637837074-1500","ObjectType":"Computer"},{"ObjectIdentifier":"S-1-5-21-2814148634-3729814499-1637837074-1501","ObjectType":"Computer"},{"ObjectIdentifier":"S-1-5-21-2814148634-3729814499-1637837074-1502","ObjectType":"Computer"},{"ObjectIdentifier":"S-1-5-21-2814148634-3729814499-1637837074-1503","ObjectType":"Computer"},{"ObjectIdentifier":"S-1-5-21-2814148634-3729814499-1637837074-1504","ObjectType":"Computer"},{"ObjectIdentifier":"S-1-5-21-2814148634-3729814499-1637837074-1505","ObjectType":"Computer"},{"ObjectIdentifier":"S-1-5-21-2814148634-3729814499-1637837074-1506","ObjectType":"Computer"},{"ObjectIdentifier":"S-1-5-21-2814148634-3729814499-1637837074-1507","ObjectType":"Computer"},{"ObjectIdentifier":"S-1-5-21-2814148634-3729814499-1637837074-1508","ObjectType":"Computer"},{"ObjectIdentifier":"S-1-5-21-2814148634-3729814499-1637837074-1509","ObjectType":"Computer"},{"ObjectIdentifier":"S-1-5-21-2814148634-3729814499-1637837074-1510","ObjectType":"Computer"},{"ObjectIdentifier":"S-1-5-21-2814148634-3729814499-1637837074-1511","ObjectType":"Computer"},{"ObjectIdentifier":"S-1-5-21-2814148634-3729814499-1637837074-1512","ObjectType":"Computer"},{"ObjectIdentifier":"S-1-5-21-2814148634-3729814499-1637837074-1513","ObjectType":"Computer"},{"ObjectIdentifier":"S-1-5-21-2814148634-3729814499-1637837074-1514","ObjectType":"Computer"},{"ObjectIdentifier":"S-1-5-21-2814148634-3729814499-1637837074-1515","ObjectType":"Computer"},{"ObjectIdentifier":"S-1-5-21-2814148634-3729814499-1637837074-1516","ObjectType":"Computer"},{"ObjectIdentifier":"S-1-5-21-2814148634-3729814499-1637837074-1517","ObjectType":"Computer"},{"ObjectIdentifier":"S-1-5-21-2814148634-3729814499-1637837074-1518","ObjectType":"Computer"},{"ObjectIdentifier":"S-1-5-21-2814148634-3729814499-1637837074-1519","ObjectType":"Computer"},{"ObjectIdentifier":"S-1-5-21-2814148634-3729814499-1637837074-1520","ObjectType":"Computer"},{"ObjectIdentifier":"S-1-5-21-2814148634-3729814499-1637837074-1521","ObjectType":"Computer"},{"ObjectIdentifier":"S-1-5-21-2814148634-3729814499-1637837074-1522","ObjectType":"Computer"},{"ObjectIdentifier":"S-1-5-21-2814148634-3729814499-1637837074-1180","ObjectType":"Computer"},{"ObjectIdentifier":"S-1-5-21-2814148634-3729814499-1637837074-1356","ObjectType":"Computer"},{"ObjectIdentifier":"S-1-5-21-2814148634-3729814499-1637837074-1357","ObjectType":"Computer"},{"ObjectIdentifier":"S-1-5-21-2814148634-3729814499-1637837074-1358","ObjectType":"Computer"},{"ObjectIdentifier":"S-1-5-21-2814148634-3729814499-1637837074-1359","ObjectType":"Computer"},{"ObjectIdentifier":"S-1-5-21-2814148634-3729814499-1637837074-1360","ObjectType":"Computer"},{"ObjectIdentifier":"S-1-5-21-2814148634-3729814499-1637837074-1361","ObjectType":"Computer"},{"ObjectIdentifier":"S-1-5-21-2814148634-3729814499-1637837074-1362","ObjectType":"Computer"},{"ObjectIdentifier":"S-1-5-21-2814148634-3729814499-1637837074-1363","ObjectType":"Computer"},{"ObjectIdentifier":"S-1-5-21-2814148634-3729814499-1637837074-1364","ObjectType":"Computer"},{"ObjectIdentifier":"S-1-5-21-2814148634-3729814499-1637837074-1365","ObjectType":"Computer"},{"ObjectIdentifier":"S-1-5-21-2814148634-3729814499-1637837074-1366","ObjectType":"Computer"},{"ObjectIdentifier":"S-1-5-21-2814148634-3729814499-1637837074-1367","ObjectType":"Computer"},{"ObjectIdentifier":"S-1-5-21-2814148634-3729814499-1637837074-1368","ObjectType":"Computer"},{"ObjectIdentifier":"S-1-5-21-2814148634-3729814499-1637837074-1369","ObjectType":"Computer"},{"ObjectIdentifier":"S-1-5-21-2814148634-3729814499-1637837074-1370","ObjectType":"Computer"},{"ObjectIdentifier":"S-1-5-21-2814148634-3729814499-1637837074-1371","ObjectType":"Computer"},{"ObjectIdentifier":"S-1-5-21-2814148634-3729814499-1637837074-1372","ObjectType":"Computer"},{"ObjectIdentifier":"S-1-5-21-2814148634-3729814499-1637837074-1373","ObjectType":"Computer"},{"ObjectIdentifier":"S-1-5-21-2814148634-3729814499-1637837074-1374","ObjectType":"Computer"},{"ObjectIdentifier":"S-1-5-21-2814148634-3729814499-1637837074-1375","ObjectType":"Computer"},{"ObjectIdentifier":"S-1-5-21-2814148634-3729814499-1637837074-1376","ObjectType":"Computer"},{"ObjectIdentifier":"S-1-5-21-2814148634-3729814499-1637837074-1377","ObjectType":"Computer"},{"ObjectIdentifier":"S-1-5-21-2814148634-3729814499-1637837074-1378","ObjectType":"Computer"},{"ObjectIdentifier":"S-1-5-21-2814148634-3729814499-1637837074-1379","ObjectType":"Computer"},{"ObjectIdentifier":"S-1-5-21-2814148634-3729814499-1637837074-1380","ObjectType":"Computer"},{"ObjectIdentifier":"S-1-5-21-2814148634-3729814499-1637837074-1381","ObjectType":"Computer"},{"ObjectIdentifier":"S-1-5-21-2814148634-3729814499-1637837074-1382","ObjectType":"Computer"},{"ObjectIdentifier":"S-1-5-21-2814148634-3729814499-1637837074-1383","ObjectType":"Computer"},{"ObjectIdentifier":"S-1-5-21-2814148634-3729814499-1637837074-1384","ObjectType":"Computer"},{"ObjectIdentifier":"S-1-5-21-2814148634-3729814499-1637837074-1385","ObjectType":"Computer"},{"ObjectIdentifier":"S-1-5-21-2814148634-3729814499-1637837074-1386","ObjectType":"Computer"},{"ObjectIdentifier":"S-1-5-21-2814148634-3729814499-1637837074-1387","ObjectType":"Computer"},{"ObjectIdentifier":"S-1-5-21-2814148634-3729814499-1637837074-1104","ObjectType":"Computer"},{"ObjectIdentifier":"S-1-5-21-2814148634-3729814499-1637837074-1154","ObjectType":"Computer"},{"ObjectIdentifier":"S-1-5-21-2814148634-3729814499-1637837074-1107","ObjectType":"Computer"},{"ObjectIdentifier":"S-1-5-21-2814148634-3729814499-1637837074-1156","ObjectType":"Computer"},{"ObjectIdentifier":"S-1-5-21-2814148634-3729814499-1637837074-1158","ObjectType":"Computer"},{"ObjectIdentifier":"S-1-5-21-2814148634-3729814499-1637837074-1388","ObjectType":"Computer"},{"ObjectIdentifier":"S-1-5-21-2814148634-3729814499-1637837074-1389","ObjectType":"Computer"},{"ObjectIdentifier":"S-1-5-21-2814148634-3729814499-1637837074-1390","ObjectType":"Computer"},{"ObjectIdentifier":"S-1-5-21-2814148634-3729814499-1637837074-1391","ObjectType":"Computer"},{"ObjectIdentifier":"S-1-5-21-2814148634-3729814499-1637837074-1392","ObjectType":"Computer"},{"ObjectIdentifier":"S-1-5-21-2814148634-3729814499-1637837074-1393","ObjectType":"Computer"},{"ObjectIdentifier":"S-1-5-21-2814148634-3729814499-1637837074-1394","ObjectType":"Computer"},{"ObjectIdentifier":"S-1-5-21-2814148634-3729814499-1637837074-1395","ObjectType":"Computer"},{"ObjectIdentifier":"S-1-5-21-2814148634-3729814499-1637837074-1396","ObjectType":"Computer"},{"ObjectIdentifier":"S-1-5-21-2814148634-3729814499-1637837074-1397","ObjectType":"Computer"},{"ObjectIdentifier":"S-1-5-21-2814148634-3729814499-1637837074-1398","ObjectType":"Computer"},{"ObjectIdentifier":"S-1-5-21-2814148634-3729814499-1637837074-1399","ObjectType":"Computer"},{"ObjectIdentifier":"S-1-5-21-2814148634-3729814499-1637837074-1400","ObjectType":"Computer"},{"ObjectIdentifier":"S-1-5-21-2814148634-3729814499-1637837074-1401","ObjectType":"Computer"},{"ObjectIdentifier":"S-1-5-21-2814148634-3729814499-1637837074-1402","ObjectType":"Computer"},{"ObjectIdentifier":"S-1-5-21-2814148634-3729814499-1637837074-1403","ObjectType":"Computer"},{"ObjectIdentifier":"S-1-5-21-2814148634-3729814499-1637837074-1404","ObjectType":"Computer"},{"ObjectIdentifier":"S-1-5-21-2814148634-3729814499-1637837074-1405","ObjectType":"Computer"},{"ObjectIdentifier":"S-1-5-21-2814148634-3729814499-1637837074-1406","ObjectType":"Computer"},{"ObjectIdentifier":"S-1-5-21-2814148634-3729814499-1637837074-1407","ObjectType":"Computer"},{"ObjectIdentifier":"S-1-5-21-2814148634-3729814499-1637837074-1408","ObjectType":"Computer"},{"ObjectIdentifier":"S-1-5-21-2814148634-3729814499-1637837074-1409","ObjectType":"Computer"},{"ObjectIdentifier":"S-1-5-21-2814148634-3729814499-1637837074-1410","ObjectType":"Computer"},{"ObjectIdentifier":"S-1-5-21-2814148634-3729814499-1637837074-1411","ObjectType":"Computer"},{"ObjectIdentifier":"S-1-5-21-2814148634-3729814499-1637837074-1412","ObjectType":"Computer"},{"ObjectIdentifier":"S-1-5-21-2814148634-3729814499-1637837074-1413","ObjectType":"Computer"},{"ObjectIdentifier":"S-1-5-21-2814148634-3729814499-1637837074-1414","ObjectType":"Computer"},{"ObjectIdentifier":"S-1-5-21-2814148634-3729814499-1637837074-1415","ObjectType":"Computer"},{"ObjectIdentifier":"S-1-5-21-2814148634-3729814499-1637837074-1416","ObjectType":"Computer"},{"ObjectIdentifier":"S-1-5-21-2814148634-3729814499-1637837074-1417","ObjectType":"Computer"},{"ObjectIdentifier":"S-1-5-21-2814148634-3729814499-1637837074-1418","ObjectType":"Computer"},{"ObjectIdentifier":"S-1-5-21-2814148634-3729814499-1637837074-1118","ObjectType":"Computer"},{"ObjectIdentifier":"S-1-5-21-2814148634-3729814499-1637837074-1119","ObjectType":"Computer"},{"ObjectIdentifier":"S-1-5-21-2814148634-3729814499-1637837074-1120","ObjectType":"Computer"},{"ObjectIdentifier":"S-1-5-21-2814148634-3729814499-1637837074-1121","ObjectType":"Computer"},{"ObjectIdentifier":"S-1-5-21-2814148634-3729814499-1637837074-1122","ObjectType":"Computer"},{"ObjectIdentifier":"S-1-5-21-2814148634-3729814499-1637837074-1123","ObjectType":"Computer"},{"ObjectIdentifier":"S-1-5-21-2814148634-3729814499-1637837074-1124","ObjectType":"Computer"},{"ObjectIdentifier":"S-1-5-21-2814148634-3729814499-1637837074-1125","ObjectType":"Computer"},{"ObjectIdentifier":"S-1-5-21-2814148634-3729814499-1637837074-1126","ObjectType":"Computer"},{"ObjectIdentifier":"S-1-5-21-2814148634-3729814499-1637837074-1127","ObjectType":"Computer"},{"ObjectIdentifier":"S-1-5-21-2814148634-3729814499-1637837074-1128","ObjectType":"Computer"},{"ObjectIdentifier":"S-1-5-21-2814148634-3729814499-1637837074-1129","ObjectType":"Computer"},{"ObjectIdentifier":"S-1-5-21-2814148634-3729814499-1637837074-1130","ObjectType":"Computer"},{"ObjectIdentifier":"S-1-5-21-2814148634-3729814499-1637837074-1131","ObjectType":"Computer"},{"ObjectIdentifier":"S-1-5-21-2814148634-3729814499-1637837074-1132","ObjectType":"Computer"},{"ObjectIdentifier":"S-1-5-21-2814148634-3729814499-1637837074-1133","ObjectType":"Computer"},{"ObjectIdentifier":"S-1-5-21-2814148634-3729814499-1637837074-1134","ObjectType":"Computer"},{"ObjectIdentifier":"S-1-5-21-2814148634-3729814499-1637837074-1419","ObjectType":"Computer"},{"ObjectIdentifier":"S-1-5-21-2814148634-3729814499-1637837074-1420","ObjectType":"Computer"},{"ObjectIdentifier":"S-1-5-21-2814148634-3729814499-1637837074-1421","ObjectType":"Computer"},{"ObjectIdentifier":"S-1-5-21-2814148634-3729814499-1637837074-1422","ObjectType":"Computer"},{"ObjectIdentifier":"S-1-5-21-2814148634-3729814499-1637837074-1423","ObjectType":"Computer"},{"ObjectIdentifier":"S-1-5-21-2814148634-3729814499-1637837074-1424","ObjectType":"Computer"},{"ObjectIdentifier":"S-1-5-21-2814148634-3729814499-1637837074-1425","ObjectType":"Computer"},{"ObjectIdentifier":"S-1-5-21-2814148634-3729814499-1637837074-1426","ObjectType":"Computer"},{"ObjectIdentifier":"S-1-5-21-2814148634-3729814499-1637837074-1427","ObjectType":"Computer"},{"ObjectIdentifier":"S-1-5-21-2814148634-3729814499-1637837074-1428","ObjectType":"Computer"},{"ObjectIdentifier":"S-1-5-21-2814148634-3729814499-1637837074-1429","ObjectType":"Computer"},{"ObjectIdentifier":"S-1-5-21-2814148634-3729814499-1637837074-1430","ObjectType":"Computer"},{"ObjectIdentifier":"S-1-5-21-2814148634-3729814499-1637837074-1431","ObjectType":"Computer"},{"ObjectIdentifier":"S-1-5-21-2814148634-3729814499-1637837074-1432","ObjectType":"Computer"},{"ObjectIdentifier":"S-1-5-21-2814148634-3729814499-1637837074-1433","ObjectType":"Computer"},{"ObjectIdentifier":"S-1-5-21-2814148634-3729814499-1637837074-1434","ObjectType":"Computer"},{"ObjectIdentifier":"S-1-5-21-2814148634-3729814499-1637837074-1435","ObjectType":"Computer"},{"ObjectIdentifier":"S-1-5-21-2814148634-3729814499-1637837074-1436","ObjectType":"Computer"},{"ObjectIdentifier":"S-1-5-21-2814148634-3729814499-1637837074-1437","ObjectType":"Computer"},{"ObjectIdentifier":"S-1-5-21-2814148634-3729814499-1637837074-1438","ObjectType":"Computer"},{"ObjectIdentifier":"S-1-5-21-2814148634-3729814499-1637837074-1439","ObjectType":"Computer"},{"ObjectIdentifier":"S-1-5-21-2814148634-3729814499-1637837074-1440","ObjectType":"Computer"},{"ObjectIdentifier":"S-1-5-21-2814148634-3729814499-1637837074-1441","ObjectType":"Computer"},{"ObjectIdentifier":"S-1-5-21-2814148634-3729814499-1637837074-1442","ObjectType":"Computer"},{"ObjectIdentifier":"S-1-5-21-2814148634-3729814499-1637837074-1443","ObjectType":"Computer"},{"ObjectIdentifier":"S-1-5-21-2814148634-3729814499-1637837074-1444","ObjectType":"Computer"},{"ObjectIdentifier":"S-1-5-21-2814148634-3729814499-1637837074-1445","ObjectType":"Computer"},{"ObjectIdentifier":"S-1-5-21-2814148634-3729814499-1637837074-1446","ObjectType":"Computer"},{"ObjectIdentifier":"S-1-5-21-2814148634-3729814499-1637837074-1447","ObjectType":"Computer"},{"ObjectIdentifier":"S-1-5-21-2814148634-3729814499-1637837074-1448","ObjectType":"Computer"},{"ObjectIdentifier":"S-1-5-21-2814148634-3729814499-1637837074-1449","ObjectType":"Computer"},{"ObjectIdentifier":"S-1-5-21-2814148634-3729814499-1637837074-1450","ObjectType":"Computer"},{"ObjectIdentifier":"S-1-5-21-2814148634-3729814499-1637837074-1451","ObjectType":"Computer"},{"ObjectIdentifier":"S-1-5-21-2814148634-3729814499-1637837074-1452","ObjectType":"Computer"},{"ObjectIdentifier":"S-1-5-21-2814148634-3729814499-1637837074-1453","ObjectType":"Computer"},{"ObjectIdentifier":"S-1-5-21-2814148634-3729814499-1637837074-1454","ObjectType":"Computer"},{"ObjectIdentifier":"S-1-5-21-2814148634-3729814499-1637837074-1455","ObjectType":"Computer"},{"ObjectIdentifier":"S-1-5-21-2814148634-3729814499-1637837074-1456","ObjectType":"Computer"},{"ObjectIdentifier":"S-1-5-21-2814148634-3729814499-1637837074-1457","ObjectType":"Computer"},{"ObjectIdentifier":"S-1-5-21-2814148634-3729814499-1637837074-1458","ObjectType":"Computer"},{"ObjectIdentifier":"S-1-5-21-2814148634-3729814499-1637837074-1459","ObjectType":"Computer"},{"ObjectIdentifier":"S-1-5-21-2814148634-3729814499-1637837074-1460","ObjectType":"Computer"},{"ObjectIdentifier":"S-1-5-21-2814148634-3729814499-1637837074-1461","ObjectType":"Computer"},{"ObjectIdentifier":"S-1-5-21-2814148634-3729814499-1637837074-1462","ObjectType":"Computer"},{"ObjectIdentifier":"S-1-5-21-2814148634-3729814499-1637837074-1463","ObjectType":"Computer"},{"ObjectIdentifier":"S-1-5-21-2814148634-3729814499-1637837074-1178","ObjectType":"Computer"},{"ObjectIdentifier":"S-1-5-21-2814148634-3729814499-1637837074-1189","ObjectType":"Computer"},{"ObjectIdentifier":"S-1-5-21-2814148634-3729814499-1637837074-1190","ObjectType":"Computer"},{"ObjectIdentifier":"S-1-5-21-2814148634-3729814499-1637837074-1191","ObjectType":"Computer"},{"ObjectIdentifier":"S-1-5-21-2814148634-3729814499-1637837074-1192","ObjectType":"Computer"},{"ObjectIdentifier":"S-1-5-21-2814148634-3729814499-1637837074-1193","ObjectType":"Computer"},{"ObjectIdentifier":"S-1-5-21-2814148634-3729814499-1637837074-1194","ObjectType":"Computer"},{"ObjectIdentifier":"S-1-5-21-2814148634-3729814499-1637837074-1195","ObjectType":"Computer"},{"ObjectIdentifier":"S-1-5-21-2814148634-3729814499-1637837074-1196","ObjectType":"Computer"},{"ObjectIdentifier":"S-1-5-21-2814148634-3729814499-1637837074-1197","ObjectType":"Computer"},{"ObjectIdentifier":"S-1-5-21-2814148634-3729814499-1637837074-1198","ObjectType":"Computer"},{"ObjectIdentifier":"S-1-5-21-2814148634-3729814499-1637837074-1199","ObjectType":"Computer"},{"ObjectIdentifier":"S-1-5-21-2814148634-3729814499-1637837074-1200","ObjectType":"Computer"},{"ObjectIdentifier":"S-1-5-21-2814148634-3729814499-1637837074-1201","ObjectType":"Computer"},{"ObjectIdentifier":"S-1-5-21-2814148634-3729814499-1637837074-1202","ObjectType":"Computer"},{"ObjectIdentifier":"S-1-5-21-2814148634-3729814499-1637837074-1203","ObjectType":"Computer"},{"ObjectIdentifier":"S-1-5-21-2814148634-3729814499-1637837074-1204","ObjectType":"Computer"},{"ObjectIdentifier":"S-1-5-21-2814148634-3729814499-1637837074-1205","ObjectType":"Computer"},{"ObjectIdentifier":"S-1-5-21-2814148634-3729814499-1637837074-1206","ObjectType":"Computer"},{"ObjectIdentifier":"S-1-5-21-2814148634-3729814499-1637837074-1207","ObjectType":"Computer"},{"ObjectIdentifier":"S-1-5-21-2814148634-3729814499-1637837074-1208","ObjectType":"Computer"},{"ObjectIdentifier":"S-1-5-21-2814148634-3729814499-1637837074-1209","ObjectType":"Computer"},{"ObjectIdentifier":"S-1-5-21-2814148634-3729814499-1637837074-1210","ObjectType":"Computer"},{"ObjectIdentifier":"S-1-5-21-2814148634-3729814499-1637837074-1211","ObjectType":"Computer"},{"ObjectIdentifier":"S-1-5-21-2814148634-3729814499-1637837074-1212","ObjectType":"Computer"},{"ObjectIdentifier":"S-1-5-21-2814148634-3729814499-1637837074-1213","ObjectType":"Computer"},{"ObjectIdentifier":"S-1-5-21-2814148634-3729814499-1637837074-1214","ObjectType":"Computer"},{"ObjectIdentifier":"S-1-5-21-2814148634-3729814499-1637837074-1215","ObjectType":"Computer"},{"ObjectIdentifier":"S-1-5-21-2814148634-3729814499-1637837074-1216","ObjectType":"Computer"},{"ObjectIdentifier":"S-1-5-21-2814148634-3729814499-1637837074-1217","ObjectType":"Computer"},{"ObjectIdentifier":"S-1-5-21-2814148634-3729814499-1637837074-1218","ObjectType":"Computer"},{"ObjectIdentifier":"S-1-5-21-2814148634-3729814499-1637837074-1219","ObjectType":"Computer"},{"ObjectIdentifier":"S-1-5-21-2814148634-3729814499-1637837074-1220","ObjectType":"Computer"},{"ObjectIdentifier":"S-1-5-21-2814148634-3729814499-1637837074-1221","ObjectType":"Computer"},{"ObjectIdentifier":"S-1-5-21-2814148634-3729814499-1637837074-1222","ObjectType":"Computer"},{"ObjectIdentifier":"S-1-5-21-2814148634-3729814499-1637837074-1223","ObjectType":"Computer"},{"ObjectIdentifier":"S-1-5-21-2814148634-3729814499-1637837074-1224","ObjectType":"Computer"},{"ObjectIdentifier":"S-1-5-21-2814148634-3729814499-1637837074-1225","ObjectType":"Computer"},{"ObjectIdentifier":"S-1-5-21-2814148634-3729814499-1637837074-1226","ObjectType":"Computer"},{"ObjectIdentifier":"S-1-5-21-2814148634-3729814499-1637837074-1227","ObjectType":"Computer"},{"ObjectIdentifier":"S-1-5-21-2814148634-3729814499-1637837074-1228","ObjectType":"Computer"},{"ObjectIdentifier":"S-1-5-21-2814148634-3729814499-1637837074-1229","ObjectType":"Computer"},{"ObjectIdentifier":"S-1-5-21-2814148634-3729814499-1637837074-1230","ObjectType":"Computer"},{"ObjectIdentifier":"S-1-5-21-2814148634-3729814499-1637837074-1231","ObjectType":"Computer"},{"ObjectIdentifier":"S-1-5-21-2814148634-3729814499-1637837074-1232","ObjectType":"Computer"},{"ObjectIdentifier":"S-1-5-21-2814148634-3729814499-1637837074-1233","ObjectType":"Computer"},{"ObjectIdentifier":"S-1-5-21-2814148634-3729814499-1637837074-1234","ObjectType":"Computer"},{"ObjectIdentifier":"S-1-5-21-2814148634-3729814499-1637837074-1235","ObjectType":"Computer"},{"ObjectIdentifier":"S-1-5-21-2814148634-3729814499-1637837074-1236","ObjectType":"Computer"},{"ObjectIdentifier":"S-1-5-21-2814148634-3729814499-1637837074-1237","ObjectType":"Computer"},{"ObjectIdentifier":"S-1-5-21-2814148634-3729814499-1637837074-1238","ObjectType":"Computer"},{"ObjectIdentifier":"S-1-5-21-2814148634-3729814499-1637837074-1239","ObjectType":"Computer"},{"ObjectIdentifier":"S-1-5-21-2814148634-3729814499-1637837074-1240","ObjectType":"Computer"},{"ObjectIdentifier":"S-1-5-21-2814148634-3729814499-1637837074-1241","ObjectType":"Computer"},{"ObjectIdentifier":"S-1-5-21-2814148634-3729814499-1637837074-1242","ObjectType":"Computer"},{"ObjectIdentifier":"S-1-5-21-2814148634-3729814499-1637837074-1243","ObjectType":"Computer"},{"ObjectIdentifier":"S-1-5-21-2814148634-3729814499-1637837074-1244","ObjectType":"Computer"},{"ObjectIdentifier":"S-1-5-21-2814148634-3729814499-1637837074-1245","ObjectType":"Computer"},{"ObjectIdentifier":"S-1-5-21-2814148634-3729814499-1637837074-1246","ObjectType":"Computer"},{"ObjectIdentifier":"S-1-5-21-2814148634-3729814499-1637837074-1247","ObjectType":"Computer"},{"ObjectIdentifier":"S-1-5-21-2814148634-3729814499-1637837074-1248","ObjectType":"Computer"},{"ObjectIdentifier":"S-1-5-21-2814148634-3729814499-1637837074-1249","ObjectType":"Computer"},{"ObjectIdentifier":"S-1-5-21-2814148634-3729814499-1637837074-1250","ObjectType":"Computer"},{"ObjectIdentifier":"S-1-5-21-2814148634-3729814499-1637837074-1251","ObjectType":"Computer"},{"ObjectIdentifier":"S-1-5-21-2814148634-3729814499-1637837074-1252","ObjectType":"Computer"},{"ObjectIdentifier":"S-1-5-21-2814148634-3729814499-1637837074-1253","ObjectType":"Computer"},{"ObjectIdentifier":"S-1-5-21-2814148634-3729814499-1637837074-1254","ObjectType":"Computer"},{"ObjectIdentifier":"S-1-5-21-2814148634-3729814499-1637837074-1255","ObjectType":"Computer"},{"ObjectIdentifier":"S-1-5-21-2814148634-3729814499-1637837074-1256","ObjectType":"Computer"},{"ObjectIdentifier":"S-1-5-21-2814148634-3729814499-1637837074-1257","ObjectType":"Computer"},{"ObjectIdentifier":"S-1-5-21-2814148634-3729814499-1637837074-1258","ObjectType":"Computer"},{"ObjectIdentifier":"S-1-5-21-2814148634-3729814499-1637837074-1259","ObjectType":"Computer"},{"ObjectIdentifier":"S-1-5-21-2814148634-3729814499-1637837074-1260","ObjectType":"Computer"},{"ObjectIdentifier":"S-1-5-21-2814148634-3729814499-1637837074-1261","ObjectType":"Computer"},{"ObjectIdentifier":"S-1-5-21-2814148634-3729814499-1637837074-1262","ObjectType":"Computer"},{"ObjectIdentifier":"S-1-5-21-2814148634-3729814499-1637837074-1263","ObjectType":"Computer"},{"ObjectIdentifier":"S-1-5-21-2814148634-3729814499-1637837074-1264","ObjectType":"Computer"},{"ObjectIdentifier":"S-1-5-21-2814148634-3729814499-1637837074-1265","ObjectType":"Computer"},{"ObjectIdentifier":"S-1-5-21-2814148634-3729814499-1637837074-1266","ObjectType":"Computer"},{"ObjectIdentifier":"S-1-5-21-2814148634-3729814499-1637837074-1267","ObjectType":"Computer"},{"ObjectIdentifier":"S-1-5-21-2814148634-3729814499-1637837074-1268","ObjectType":"Computer"},{"ObjectIdentifier":"S-1-5-21-2814148634-3729814499-1637837074-1269","ObjectType":"Computer"},{"ObjectIdentifier":"S-1-5-21-2814148634-3729814499-1637837074-1270","ObjectType":"Computer"},{"ObjectIdentifier":"S-1-5-21-2814148634-3729814499-1637837074-1271","ObjectType":"Computer"},{"ObjectIdentifier":"S-1-5-21-2814148634-3729814499-1637837074-1272","ObjectType":"Computer"},{"ObjectIdentifier":"S-1-5-21-2814148634-3729814499-1637837074-1273","ObjectType":"Computer"},{"ObjectIdentifier":"S-1-5-21-2814148634-3729814499-1637837074-1274","ObjectType":"Computer"},{"ObjectIdentifier":"S-1-5-21-2814148634-3729814499-1637837074-1275","ObjectType":"Computer"},{"ObjectIdentifier":"S-1-5-21-2814148634-3729814499-1637837074-1276","ObjectType":"Computer"},{"ObjectIdentifier":"S-1-5-21-2814148634-3729814499-1637837074-1277","ObjectType":"Computer"},{"ObjectIdentifier":"S-1-5-21-2814148634-3729814499-1637837074-1278","ObjectType":"Computer"},{"ObjectIdentifier":"S-1-5-21-2814148634-3729814499-1637837074-1279","ObjectType":"Computer"},{"ObjectIdentifier":"S-1-5-21-2814148634-3729814499-1637837074-1280","ObjectType":"Computer"},{"ObjectIdentifier":"S-1-5-21-2814148634-3729814499-1637837074-1281","ObjectType":"Computer"},{"ObjectIdentifier":"S-1-5-21-2814148634-3729814499-1637837074-1282","ObjectType":"Computer"},{"ObjectIdentifier":"S-1-5-21-2814148634-3729814499-1637837074-1283","ObjectType":"Computer"},{"ObjectIdentifier":"S-1-5-21-2814148634-3729814499-1637837074-1284","ObjectType":"Computer"},{"ObjectIdentifier":"S-1-5-21-2814148634-3729814499-1637837074-1285","ObjectType":"Computer"},{"ObjectIdentifier":"S-1-5-21-2814148634-3729814499-1637837074-1286","ObjectType":"Computer"},{"ObjectIdentifier":"S-1-5-21-2814148634-3729814499-1637837074-1287","ObjectType":"Computer"},{"ObjectIdentifier":"S-1-5-21-2814148634-3729814499-1637837074-1288","ObjectType":"Computer"},{"ObjectIdentifier":"S-1-5-21-2814148634-3729814499-1637837074-1289","ObjectType":"Computer"},{"ObjectIdentifier":"S-1-5-21-2814148634-3729814499-1637837074-1290","ObjectType":"Computer"},{"ObjectIdentifier":"S-1-5-21-2814148634-3729814499-1637837074-1291","ObjectType":"Computer"},{"ObjectIdentifier":"S-1-5-21-2814148634-3729814499-1637837074-1292","ObjectType":"Computer"},{"ObjectIdentifier":"S-1-5-21-2814148634-3729814499-1637837074-1293","ObjectType":"Computer"},{"ObjectIdentifier":"S-1-5-21-2814148634-3729814499-1637837074-1294","ObjectType":"Computer"},{"ObjectIdentifier":"S-1-5-21-2814148634-3729814499-1637837074-1295","ObjectType":"Computer"},{"ObjectIdentifier":"S-1-5-21-2814148634-3729814499-1637837074-1296","ObjectType":"Computer"},{"ObjectIdentifier":"S-1-5-21-2814148634-3729814499-1637837074-1297","ObjectType":"Computer"},{"ObjectIdentifier":"S-1-5-21-2814148634-3729814499-1637837074-1298","ObjectType":"Computer"},{"ObjectIdentifier":"S-1-5-21-2814148634-3729814499-1637837074-1299","ObjectType":"Computer"},{"ObjectIdentifier":"S-1-5-21-2814148634-3729814499-1637837074-1300","ObjectType":"Computer"},{"ObjectIdentifier":"S-1-5-21-2814148634-3729814499-1637837074-1301","ObjectType":"Computer"},{"ObjectIdentifier":"S-1-5-21-2814148634-3729814499-1637837074-1302","ObjectType":"Computer"},{"ObjectIdentifier":"S-1-5-21-2814148634-3729814499-1637837074-1105","ObjectType":"Computer"},{"ObjectIdentifier":"S-1-5-21-2814148634-3729814499-1637837074-1109","ObjectType":"Computer"},{"ObjectIdentifier":"S-1-5-21-2814148634-3729814499-1637837074-1110","ObjectType":"Computer"},{"ObjectIdentifier":"S-1-5-21-2814148634-3729814499-1637837074-1111","ObjectType":"Computer"},{"ObjectIdentifier":"S-1-5-21-2814148634-3729814499-1637837074-1112","ObjectType":"Computer"},{"ObjectIdentifier":"S-1-5-21-2814148634-3729814499-1637837074-1113","ObjectType":"Computer"},{"ObjectIdentifier":"S-1-5-21-2814148634-3729814499-1637837074-1114","ObjectType":"Computer"},{"ObjectIdentifier":"S-1-5-21-2814148634-3729814499-1637837074-1115","ObjectType":"Computer"},{"ObjectIdentifier":"S-1-5-21-2814148634-3729814499-1637837074-1116","ObjectType":"Computer"},{"ObjectIdentifier":"S-1-5-21-2814148634-3729814499-1637837074-1117","ObjectType":"Computer"},{"ObjectIdentifier":"S-1-5-21-2814148634-3729814499-1637837074-1155","ObjectType":"Computer"},{"ObjectIdentifier":"S-1-5-21-2814148634-3729814499-1637837074-1179","ObjectType":"Computer"},{"ObjectIdentifier":"S-1-5-21-2814148634-3729814499-1637837074-1181","ObjectType":"Computer"},{"ObjectIdentifier":"S-1-5-21-2814148634-3729814499-1637837074-1182","ObjectType":"Computer"},{"ObjectIdentifier":"S-1-5-21-2814148634-3729814499-1637837074-1183","ObjectType":"Computer"},{"ObjectIdentifier":"S-1-5-21-2814148634-3729814499-1637837074-1184","ObjectType":"Computer"},{"ObjectIdentifier":"S-1-5-21-2814148634-3729814499-1637837074-1185","ObjectType":"Computer"},{"ObjectIdentifier":"S-1-5-21-2814148634-3729814499-1637837074-1186","ObjectType":"Computer"},{"ObjectIdentifier":"S-1-5-21-2814148634-3729814499-1637837074-1187","ObjectType":"Computer"},{"ObjectIdentifier":"S-1-5-21-2814148634-3729814499-1637837074-1188","ObjectType":"Computer"},{"ObjectIdentifier":"S-1-5-21-2814148634-3729814499-1637837074-1565","ObjectType":"Computer"},{"ObjectIdentifier":"S-1-5-21-2814148634-3729814499-1637837074-1566","ObjectType":"Computer"},{"ObjectIdentifier":"S-1-5-21-2814148634-3729814499-1637837074-1567","ObjectType":"Computer"},{"ObjectIdentifier":"S-1-5-21-2814148634-3729814499-1637837074-1568","ObjectType":"Computer"},{"ObjectIdentifier":"S-1-5-21-2814148634-3729814499-1637837074-1569","ObjectType":"Computer"},{"ObjectIdentifier":"S-1-5-21-2814148634-3729814499-1637837074-1570","ObjectType":"Computer"},{"ObjectIdentifier":"S-1-5-21-2814148634-3729814499-1637837074-1571","ObjectType":"Computer"},{"ObjectIdentifier":"S-1-5-21-2814148634-3729814499-1637837074-1572","ObjectType":"Computer"},{"ObjectIdentifier":"S-1-5-21-2814148634-3729814499-1637837074-1573","ObjectType":"Computer"},{"ObjectIdentifier":"S-1-5-21-2814148634-3729814499-1637837074-1574","ObjectType":"Computer"},{"ObjectIdentifier":"S-1-5-21-2814148634-3729814499-1637837074-1575","ObjectType":"Computer"},{"ObjectIdentifier":"S-1-5-21-2814148634-3729814499-1637837074-1576","ObjectType":"Computer"},{"ObjectIdentifier":"S-1-5-21-2814148634-3729814499-1637837074-1577","ObjectType":"Computer"},{"ObjectIdentifier":"S-1-5-21-2814148634-3729814499-1637837074-1578","ObjectType":"Computer"},{"ObjectIdentifier":"S-1-5-21-2814148634-3729814499-1637837074-1579","ObjectType":"Computer"},{"ObjectIdentifier":"S-1-5-21-2814148634-3729814499-1637837074-1175","ObjectType":"Computer"},{"ObjectIdentifier":"S-1-5-21-2814148634-3729814499-1637837074-1157","ObjectType":"Computer"},{"ObjectIdentifier":"S-1-5-21-2814148634-3729814499-1637837074-1580","ObjectType":"Computer"},{"ObjectIdentifier":"S-1-5-21-2814148634-3729814499-1637837074-1581","ObjectType":"Computer"},{"ObjectIdentifier":"S-1-5-21-2814148634-3729814499-1637837074-1582","ObjectType":"Computer"},{"ObjectIdentifier":"S-1-5-21-2814148634-3729814499-1637837074-1583","ObjectType":"Computer"},{"ObjectIdentifier":"S-1-5-21-2814148634-3729814499-1637837074-1584","ObjectType":"Computer"},{"ObjectIdentifier":"S-1-5-21-2814148634-3729814499-1637837074-1585","ObjectType":"Computer"},{"ObjectIdentifier":"S-1-5-21-2814148634-3729814499-1637837074-1586","ObjectType":"Computer"},{"ObjectIdentifier":"S-1-5-21-2814148634-3729814499-1637837074-1108","ObjectType":"Computer"},{"ObjectIdentifier":"S-1-5-21-2814148634-3729814499-1637837074-1166","ObjectType":"Computer"},{"ObjectIdentifier":"S-1-5-21-2814148634-3729814499-1637837074-1165","ObjectType":"Computer"},{"ObjectIdentifier":"S-1-5-21-2814148634-3729814499-1637837074-1168","ObjectType":"Computer"},{"ObjectIdentifier":"S-1-5-21-2814148634-3729814499-1637837074-1169","ObjectType":"Computer"},{"ObjectIdentifier":"S-1-5-21-2814148634-3729814499-1637837074-1170","ObjectType":"Computer"},{"ObjectIdentifier":"S-1-5-21-2814148634-3729814499-1637837074-1171","ObjectType":"Computer"},{"ObjectIdentifier":"S-1-5-21-2814148634-3729814499-1637837074-1172","ObjectType":"Computer"},{"ObjectIdentifier":"S-1-5-21-2814148634-3729814499-1637837074-1173","ObjectType":"Computer"},{"ObjectIdentifier":"S-1-5-21-2814148634-3729814499-1637837074-1174","ObjectType":"Computer"},{"ObjectIdentifier":"S-1-5-21-2814148634-3729814499-1637837074-1167","ObjectType":"Computer"},{"ObjectIdentifier":"S-1-5-21-2814148634-3729814499-1637837074-1164","ObjectType":"Computer"},{"ObjectIdentifier":"S-1-5-21-2814148634-3729814499-1637837074-1103","ObjectType":"Computer"},{"ObjectIdentifier":"S-1-5-21-2814148634-3729814499-1637837074-1177","ObjectType":"Computer"},{"ObjectIdentifier":"S-1-5-21-2814148634-3729814499-1637837074-1303","ObjectType":"Computer"},{"ObjectIdentifier":"S-1-5-21-2814148634-3729814499-1637837074-1312","ObjectType":"Computer"},{"ObjectIdentifier":"S-1-5-21-2814148634-3729814499-1637837074-1313","ObjectType":"Computer"},{"ObjectIdentifier":"S-1-5-21-2814148634-3729814499-1637837074-1314","ObjectType":"Computer"},{"ObjectIdentifier":"S-1-5-21-2814148634-3729814499-1637837074-1315","ObjectType":"Computer"},{"ObjectIdentifier":"S-1-5-21-2814148634-3729814499-1637837074-1316","ObjectType":"Computer"},{"ObjectIdentifier":"S-1-5-21-2814148634-3729814499-1637837074-1317","ObjectType":"Computer"},{"ObjectIdentifier":"S-1-5-21-2814148634-3729814499-1637837074-1318","ObjectType":"Computer"},{"ObjectIdentifier":"S-1-5-21-2814148634-3729814499-1637837074-1319","ObjectType":"Computer"},{"ObjectIdentifier":"S-1-5-21-2814148634-3729814499-1637837074-1320","ObjectType":"Computer"},{"ObjectIdentifier":"S-1-5-21-2814148634-3729814499-1637837074-1321","ObjectType":"Computer"},{"ObjectIdentifier":"S-1-5-21-2814148634-3729814499-1637837074-1304","ObjectType":"Computer"},{"ObjectIdentifier":"S-1-5-21-2814148634-3729814499-1637837074-1322","ObjectType":"Computer"},{"ObjectIdentifier":"S-1-5-21-2814148634-3729814499-1637837074-1323","ObjectType":"Computer"},{"ObjectIdentifier":"S-1-5-21-2814148634-3729814499-1637837074-1324","ObjectType":"Computer"},{"ObjectIdentifier":"S-1-5-21-2814148634-3729814499-1637837074-1325","ObjectType":"Computer"},{"ObjectIdentifier":"S-1-5-21-2814148634-3729814499-1637837074-1326","ObjectType":"Computer"},{"ObjectIdentifier":"S-1-5-21-2814148634-3729814499-1637837074-1327","ObjectType":"Computer"},{"ObjectIdentifier":"S-1-5-21-2814148634-3729814499-1637837074-1328","ObjectType":"Computer"},{"ObjectIdentifier":"S-1-5-21-2814148634-3729814499-1637837074-1329","ObjectType":"Computer"},{"ObjectIdentifier":"S-1-5-21-2814148634-3729814499-1637837074-1330","ObjectType":"Computer"},{"ObjectIdentifier":"S-1-5-21-2814148634-3729814499-1637837074-1331","ObjectType":"Computer"},{"ObjectIdentifier":"S-1-5-21-2814148634-3729814499-1637837074-1305","ObjectType":"Computer"},{"ObjectIdentifier":"S-1-5-21-2814148634-3729814499-1637837074-1332","ObjectType":"Computer"},{"ObjectIdentifier":"S-1-5-21-2814148634-3729814499-1637837074-1333","ObjectType":"Computer"},{"ObjectIdentifier":"S-1-5-21-2814148634-3729814499-1637837074-1334","ObjectType":"Computer"},{"ObjectIdentifier":"S-1-5-21-2814148634-3729814499-1637837074-1335","ObjectType":"Computer"},{"ObjectIdentifier":"S-1-5-21-2814148634-3729814499-1637837074-1336","ObjectType":"Computer"},{"ObjectIdentifier":"S-1-5-21-2814148634-3729814499-1637837074-1337","ObjectType":"Computer"},{"ObjectIdentifier":"S-1-5-21-2814148634-3729814499-1637837074-1338","ObjectType":"Computer"},{"ObjectIdentifier":"S-1-5-21-2814148634-3729814499-1637837074-1339","ObjectType":"Computer"},{"ObjectIdentifier":"S-1-5-21-2814148634-3729814499-1637837074-1340","ObjectType":"Computer"},{"ObjectIdentifier":"S-1-5-21-2814148634-3729814499-1637837074-1341","ObjectType":"Computer"},{"ObjectIdentifier":"S-1-5-21-2814148634-3729814499-1637837074-1306","ObjectType":"Computer"},{"ObjectIdentifier":"S-1-5-21-2814148634-3729814499-1637837074-1342","ObjectType":"Computer"},{"ObjectIdentifier":"S-1-5-21-2814148634-3729814499-1637837074-1343","ObjectType":"Computer"},{"ObjectIdentifier":"S-1-5-21-2814148634-3729814499-1637837074-1344","ObjectType":"Computer"},{"ObjectIdentifier":"S-1-5-21-2814148634-3729814499-1637837074-1345","ObjectType":"Computer"},{"ObjectIdentifier":"S-1-5-21-2814148634-3729814499-1637837074-1346","ObjectType":"Computer"},{"ObjectIdentifier":"S-1-5-21-2814148634-3729814499-1637837074-1347","ObjectType":"Computer"},{"ObjectIdentifier":"S-1-5-21-2814148634-3729814499-1637837074-1348","ObjectType":"Computer"},{"ObjectIdentifier":"S-1-5-21-2814148634-3729814499-1637837074-1349","ObjectType":"Computer"},{"ObjectIdentifier":"S-1-5-21-2814148634-3729814499-1637837074-1350","ObjectType":"Computer"},{"ObjectIdentifier":"S-1-5-21-2814148634-3729814499-1637837074-1351","ObjectType":"Computer"},{"ObjectIdentifier":"S-1-5-21-2814148634-3729814499-1637837074-1307","ObjectType":"Computer"},{"ObjectIdentifier":"S-1-5-21-2814148634-3729814499-1637837074-1352","ObjectType":"Computer"},{"ObjectIdentifier":"S-1-5-21-2814148634-3729814499-1637837074-1353","ObjectType":"Computer"},{"ObjectIdentifier":"S-1-5-21-2814148634-3729814499-1637837074-1354","ObjectType":"Computer"},{"ObjectIdentifier":"S-1-5-21-2814148634-3729814499-1637837074-1355","ObjectType":"Computer"},{"ObjectIdentifier":"S-1-5-21-2814148634-3729814499-1637837074-1308","ObjectType":"Computer"},{"ObjectIdentifier":"S-1-5-21-2814148634-3729814499-1637837074-1309","ObjectType":"Computer"},{"ObjectIdentifier":"S-1-5-21-2814148634-3729814499-1637837074-1310","ObjectType":"Computer"},{"ObjectIdentifier":"S-1-5-21-2814148634-3729814499-1637837074-1311","ObjectType":"Computer"},{"ObjectIdentifier":"S-1-5-21-2814148634-3729814499-1637837074-1592","ObjectType":"Computer"},{"ObjectIdentifier":"S-1-5-21-2814148634-3729814499-1637837074-1593","ObjectType":"Computer"},{"ObjectIdentifier":"S-1-5-21-2814148634-3729814499-1637837074-1594","ObjectType":"Computer"},{"ObjectIdentifier":"S-1-5-21-2814148634-3729814499-1637837074-1595","ObjectType":"Computer"},{"ObjectIdentifier":"S-1-5-21-2814148634-3729814499-1637837074-1596","ObjectType":"Computer"},{"ObjectIdentifier":"S-1-5-21-2814148634-3729814499-1637837074-1597","ObjectType":"Computer"},{"ObjectIdentifier":"S-1-5-21-2814148634-3729814499-1637837074-1598","ObjectType":"Computer"},{"ObjectIdentifier":"S-1-5-21-2814148634-3729814499-1637837074-1599","ObjectType":"Computer"},{"ObjectIdentifier":"S-1-5-21-2814148634-3729814499-1637837074-1600","ObjectType":"Computer"},{"ObjectIdentifier":"S-1-5-21-2814148634-3729814499-1637837074-1601","ObjectType":"Computer"},{"ObjectIdentifier":"S-1-5-21-2814148634-3729814499-1637837074-1602","ObjectType":"Computer"},{"ObjectIdentifier":"S-1-5-21-2814148634-3729814499-1637837074-1603","ObjectType":"Computer"},{"ObjectIdentifier":"S-1-5-21-2814148634-3729814499-1637837074-1533","ObjectType":"Computer"},{"ObjectIdentifier":"S-1-5-21-2814148634-3729814499-1637837074-1534","ObjectType":"Computer"},{"ObjectIdentifier":"S-1-5-21-2814148634-3729814499-1637837074-1535","ObjectType":"Computer"},{"ObjectIdentifier":"S-1-5-21-2814148634-3729814499-1637837074-1536","ObjectType":"Computer"},{"ObjectIdentifier":"S-1-5-21-2814148634-3729814499-1637837074-1537","ObjectType":"Computer"},{"ObjectIdentifier":"S-1-5-21-2814148634-3729814499-1637837074-1538","ObjectType":"Computer"},{"ObjectIdentifier":"S-1-5-21-2814148634-3729814499-1637837074-1539","ObjectType":"Computer"},{"ObjectIdentifier":"S-1-5-21-2814148634-3729814499-1637837074-1540","ObjectType":"Computer"},{"ObjectIdentifier":"S-1-5-21-2814148634-3729814499-1637837074-1541","ObjectType":"Computer"},{"ObjectIdentifier":"S-1-5-21-2814148634-3729814499-1637837074-1542","ObjectType":"Computer"},{"ObjectIdentifier":"S-1-5-21-2814148634-3729814499-1637837074-1543","ObjectType":"Computer"},{"ObjectIdentifier":"S-1-5-21-2814148634-3729814499-1637837074-1544","ObjectType":"Computer"},{"ObjectIdentifier":"S-1-5-21-2814148634-3729814499-1637837074-1545","ObjectType":"Computer"},{"ObjectIdentifier":"S-1-5-21-2814148634-3729814499-1637837074-1546","ObjectType":"Computer"},{"ObjectIdentifier":"S-1-5-21-2814148634-3729814499-1637837074-1547","ObjectType":"Computer"},{"ObjectIdentifier":"S-1-5-21-2814148634-3729814499-1637837074-1548","ObjectType":"Computer"},{"ObjectIdentifier":"S-1-5-21-2814148634-3729814499-1637837074-1549","ObjectType":"Computer"},{"ObjectIdentifier":"S-1-5-21-2814148634-3729814499-1637837074-1550","ObjectType":"Computer"},{"ObjectIdentifier":"S-1-5-21-2814148634-3729814499-1637837074-1551","ObjectType":"Computer"},{"ObjectIdentifier":"S-1-5-21-2814148634-3729814499-1637837074-1552","ObjectType":"Computer"},{"ObjectIdentifier":"S-1-5-21-2814148634-3729814499-1637837074-1553","ObjectType":"Computer"},{"ObjectIdentifier":"S-1-5-21-2814148634-3729814499-1637837074-1554","ObjectType":"Computer"},{"ObjectIdentifier":"S-1-5-21-2814148634-3729814499-1637837074-1555","ObjectType":"Computer"},{"ObjectIdentifier":"S-1-5-21-2814148634-3729814499-1637837074-1556","ObjectType":"Computer"},{"ObjectIdentifier":"S-1-5-21-2814148634-3729814499-1637837074-1557","ObjectType":"Computer"},{"ObjectIdentifier":"S-1-5-21-2814148634-3729814499-1637837074-1558","ObjectType":"Computer"},{"ObjectIdentifier":"S-1-5-21-2814148634-3729814499-1637837074-1559","ObjectType":"Computer"},{"ObjectIdentifier":"S-1-5-21-2814148634-3729814499-1637837074-1560","ObjectType":"Computer"},{"ObjectIdentifier":"S-1-5-21-2814148634-3729814499-1637837074-1561","ObjectType":"Computer"},{"ObjectIdentifier":"S-1-5-21-2814148634-3729814499-1637837074-1562","ObjectType":"Computer"},{"ObjectIdentifier":"S-1-5-21-2814148634-3729814499-1637837074-1563","ObjectType":"Computer"},{"ObjectIdentifier":"S-1-5-21-2814148634-3729814499-1637837074-1564","ObjectType":"Computer"},{"ObjectIdentifier":"S-1-5-21-2814148634-3729814499-1637837074-1532","ObjectType":"Computer"},{"ObjectIdentifier":"S-1-5-21-2814148634-3729814499-1637837074-1587","ObjectType":"Computer"},{"ObjectIdentifier":"S-1-5-21-2814148634-3729814499-1637837074-1588","ObjectType":"Computer"},{"ObjectIdentifier":"S-1-5-21-2814148634-3729814499-1637837074-1589","ObjectType":"Computer"},{"ObjectIdentifier":"S-1-5-21-2814148634-3729814499-1637837074-1590","ObjectType":"Computer"},{"ObjectIdentifier":"S-1-5-21-2814148634-3729814499-1637837074-1591","ObjectType":"Computer"}],"Aces":[{"PrincipalSID":"S-1-5-21-2814148634-3729814499-1637837074-512","PrincipalType":"Group","RightName":"Owns","IsInherited":false},{"PrincipalSID":"S-1-5-21-2814148634-3729814499-1637837074-512","PrincipalType":"Group","RightName":"WriteDacl","IsInherited":false},{"PrincipalSID":"S-1-5-21-2814148634-3729814499-1637837074-512","PrincipalType":"Group","RightName":"WriteOwner","IsInherited":false},{"PrincipalSID":"S-1-5-21-2814148634-3729814499-1637837074-519","PrincipalType":"Group","RightName":"GenericAll","IsInherited":true},{"PrincipalSID":"INLANEFREIGHT.LOCAL-S-1-5-32-544","PrincipalType":"Group","RightName":"WriteDacl","IsInherited":true},{"PrincipalSID":"INLANEFREIGHT.LOCAL-S-1-5-32-544","PrincipalType":"Group","RightName":"WriteOwner","IsInherited":true}],"ObjectIdentifier":"58BE51D6-4ACC-4285-99B3-E6B0DB1BC955","IsDeleted":false,"IsACLProtected":false},{"Properties":{"domain":"INLANEFREIGHT.LOCAL","name":"USERS@INLANEFREIGHT.LOCAL","distinguishedname":"CN=USERS,DC=INLANEFREIGHT,DC=LOCAL","domainsid":"S-1-5-21-2814148634-3729814499-1637837074","highvalue":false},"ChildObjects":[{"ObjectIdentifier":"S-1-5-21-2814148634-3729814499-1637837074-500","ObjectType":"User"},{"ObjectIdentifier":"S-1-5-21-2814148634-3729814499-1637837074-571","ObjectType":"Group"},{"ObjectIdentifier":"S-1-5-21-2814148634-3729814499-1637837074-4624","ObjectType":"User"},{"ObjectIdentifier":"S-1-5-21-2814148634-3729814499-1637837074-4611","ObjectType":"User"},{"ObjectIdentifier":"S-1-5-21-2814148634-3729814499-1637837074-4625","ObjectType":"User"},{"ObjectIdentifier":"S-1-5-21-2814148634-3729814499-1637837074-4610","ObjectType":"User"},{"ObjectIdentifier":"S-1-5-21-2814148634-3729814499-1637837074-517","ObjectType":"Group"},{"ObjectIdentifier":"S-1-5-21-2814148634-3729814499-1637837074-522","ObjectType":"Group"},{"ObjectIdentifier":"S-1-5-21-2814148634-3729814499-1637837074-572","ObjectType":"Group"},{"ObjectIdentifier":"S-1-5-21-2814148634-3729814499-1637837074-1101","ObjectType":"Group"},{"ObjectIdentifier":"S-1-5-21-2814148634-3729814499-1637837074-1102","ObjectType":"Group"},{"ObjectIdentifier":"S-1-5-21-2814148634-3729814499-1637837074-512","ObjectType":"Group"},{"ObjectIdentifier":"S-1-5-21-2814148634-3729814499-1637837074-515","ObjectType":"Group"},{"ObjectIdentifier":"S-1-5-21-2814148634-3729814499-1637837074-516","ObjectType":"Group"},{"ObjectIdentifier":"S-1-5-21-2814148634-3729814499-1637837074-514","ObjectType":"Group"},{"ObjectIdentifier":"S-1-5-21-2814148634-3729814499-1637837074-513","ObjectType":"Group"},{"ObjectIdentifier":"S-1-5-21-2814148634-3729814499-1637837074-519","ObjectType":"Group"},{"ObjectIdentifier":"S-1-5-21-2814148634-3729814499-1637837074-527","ObjectType":"Group"},{"ObjectIdentifier":"S-1-5-21-2814148634-3729814499-1637837074-498","ObjectType":"Group"},{"ObjectIdentifier":"S-1-5-21-2814148634-3729814499-1637837074-4612","ObjectType":"User"},{"ObjectIdentifier":"S-1-5-21-2814148634-3729814499-1637837074-520","ObjectType":"Group"},{"ObjectIdentifier":"S-1-5-21-2814148634-3729814499-1637837074-501","ObjectType":"User"},{"ObjectIdentifier":"S-1-5-21-2814148634-3729814499-1637837074-4609","ObjectType":"User"},{"ObjectIdentifier":"S-1-5-21-2814148634-3729814499-1637837074-4614","ObjectType":"User"},{"ObjectIdentifier":"S-1-5-21-2814148634-3729814499-1637837074-526","ObjectType":"Group"},{"ObjectIdentifier":"S-1-5-21-2814148634-3729814499-1637837074-502","ObjectType":"User"},{"ObjectIdentifier":"S-1-5-21-2814148634-3729814499-1637837074-4615","ObjectType":"User"},{"ObjectIdentifier":"S-1-5-21-2814148634-3729814499-1637837074-4623","ObjectType":"User"},{"ObjectIdentifier":"S-1-5-21-2814148634-3729814499-1637837074-4617","ObjectType":"User"},{"ObjectIdentifier":"S-1-5-21-2814148634-3729814499-1637837074-525","ObjectType":"Group"},{"ObjectIdentifier":"S-1-5-21-2814148634-3729814499-1637837074-553","ObjectType":"Group"},{"ObjectIdentifier":"S-1-5-21-2814148634-3729814499-1637837074-521","ObjectType":"Group"},{"ObjectIdentifier":"S-1-5-21-2814148634-3729814499-1637837074-4627","ObjectType":"User"},{"ObjectIdentifier":"S-1-5-21-2814148634-3729814499-1637837074-4628","ObjectType":"User"},{"ObjectIdentifier":"S-1-5-21-2814148634-3729814499-1637837074-518","ObjectType":"Group"},{"ObjectIdentifier":"S-1-5-21-2814148634-3729814499-1637837074-4620","ObjectType":"User"},{"ObjectIdentifier":"S-1-5-21-2814148634-3729814499-1637837074-4619","ObjectType":"User"},{"ObjectIdentifier":"S-1-5-21-2814148634-3729814499-1637837074-4622","ObjectType":"User"},{"ObjectIdentifier":"S-1-5-21-2814148634-3729814499-1637837074-4621","ObjectType":"User"},{"ObjectIdentifier":"S-1-5-21-2814148634-3729814499-1637837074-4616","ObjectType":"User"},{"ObjectIdentifier":"S-1-5-21-2814148634-3729814499-1637837074-4618","ObjectType":"User"},{"ObjectIdentifier":"S-1-5-21-2814148634-3729814499-1637837074-4613","ObjectType":"User"},{"ObjectIdentifier":"S-1-5-21-2814148634-3729814499-1637837074-4626","ObjectType":"User"}],"Aces":[{"PrincipalSID":"S-1-5-21-2814148634-3729814499-1637837074-512","PrincipalType":"Group","RightName":"Owns","IsInherited":false},{"PrincipalSID":"S-1-5-21-2814148634-3729814499-1637837074-512","PrincipalType":"Group","RightName":"WriteDacl","IsInherited":false},{"PrincipalSID":"S-1-5-21-2814148634-3729814499-1637837074-512","PrincipalType":"Group","RightName":"WriteOwner","IsInherited":false},{"PrincipalSID":"S-1-5-21-2814148634-3729814499-1637837074-519","PrincipalType":"Group","RightName":"GenericAll","IsInherited":true},{"PrincipalSID":"INLANEFREIGHT.LOCAL-S-1-5-32-544","PrincipalType":"Group","RightName":"WriteDacl","IsInherited":true},{"PrincipalSID":"INLANEFREIGHT.LOCAL-S-1-5-32-544","PrincipalType":"Group","RightName":"WriteOwner","IsInherited":true}],"ObjectIdentifier":"8DB61F60-EEE8-4DB6-B846-41B96957BEF3","IsDeleted":false,"IsACLProtected":false}],"meta":{"methods":29695,"type":"containers","count":21,"version":5}}