{"data":[{"Properties":{"domain":"INLANEFREIGHT.LOCAL","name":"DEFAULT DOMAIN POLICY@INLANEFREIGHT.LOCAL","distinguishedname":"CN={31B2F340-016D-11D2-945F-00C04FB984F9},CN=POLICIES,CN=SYSTEM,DC=INLANEFREIGHT,DC=LOCAL","domainsid":"S-1-5-21-2814148634-3729814499-1637837074","isaclprotected":true,"whencreated":1654081868,"gpcpath":"\\\\INLANEFREIGHT.LOCAL\\SYSVOL\\INLANEFREIGHT.LOCAL\\POLICIES\\{31B2F340-016D-11D2-945F-00C04FB984F9}"},"Aces":[{"PrincipalSID":"S-1-5-21-2814148634-3729814499-1637837074-512","PrincipalType":"Group","RightName":"Owns","IsInherited":false,"InheritanceHash":null},{"PrincipalSID":"S-1-5-21-2814148634-3729814499-1637837074-512","PrincipalType":"Group","RightName":"WriteDacl","IsInherited":false,"InheritanceHash":""},{"PrincipalSID":"S-1-5-21-2814148634-3729814499-1637837074-512","PrincipalType":"Group","RightName":"WriteOwner","IsInherited":false,"InheritanceHash":""},{"PrincipalSID":"S-1-5-21-2814148634-3729814499-1637837074-512","PrincipalType":"Group","RightName":"GenericWrite","IsInherited":false,"InheritanceHash":""},{"PrincipalSID":"S-1-5-21-2814148634-3729814499-1637837074-512","PrincipalType":"Group","RightName":"WriteDacl","IsInherited":false,"InheritanceHash":""},{"PrincipalSID":"S-1-5-21-2814148634-3729814499-1637837074-512","PrincipalType":"Group","RightName":"WriteOwner","IsInherited":false,"InheritanceHash":""},{"PrincipalSID":"S-1-5-21-2814148634-3729814499-1637837074-512","PrincipalType":"Group","RightName":"GenericWrite","IsInherited":false,"InheritanceHash":""},{"PrincipalSID":"S-1-5-21-2814148634-3729814499-1637837074-519","PrincipalType":"Group","RightName":"WriteDacl","IsInherited":false,"InheritanceHash":""},{"PrincipalSID":"S-1-5-21-2814148634-3729814499-1637837074-519","PrincipalType":"Group","RightName":"WriteOwner","IsInherited":false,"InheritanceHash":""},{"PrincipalSID":"S-1-5-21-2814148634-3729814499-1637837074-519","PrincipalType":"Group","RightName":"GenericWrite","IsInherited":false,"InheritanceHash":""}],"ObjectIdentifier":"0B73E371-6705-4E25-BA6F-EE6E6FC510DD","IsDeleted":false,"IsACLProtected":true,"ContainedBy":null},{"Properties":{"domain":"INLANEFREIGHT.LOCAL","name":"DEFAULT DOMAIN CONTROLLERS POLICY@INLANEFREIGHT.LOCAL","distinguishedname":"CN={6AC1786C-016F-11D2-945F-00C04FB984F9},CN=POLICIES,CN=SYSTEM,DC=INLANEFREIGHT,DC=LOCAL","domainsid":"S-1-5-21-2814148634-3729814499-1637837074","isaclprotected":true,"whencreated":1654081868,"gpcpath":"\\\\INLANEFREIGHT.LOCAL\\SYSVOL\\INLANEFREIGHT.LOCAL\\POLICIES\\{6AC1786C-016F-11D2-945F-00C04FB984F9}"},"Aces":[{"PrincipalSID":"S-1-5-21-2814148634-3729814499-1637837074-512","PrincipalType":"Group","RightName":"Owns","IsInherited":false,"InheritanceHash":null},{"PrincipalSID":"S-1-5-21-2814148634-3729814499-1637837074-512","PrincipalType":"Group","RightName":"WriteDacl","IsInherited":false,"InheritanceHash":""},{"PrincipalSID":"S-1-5-21-2814148634-3729814499-1637837074-512","PrincipalType":"Group","RightName":"WriteOwner","IsInherited":false,"InheritanceHash":""},{"PrincipalSID":"S-1-5-21-2814148634-3729814499-1637837074-512","PrincipalType":"Group","RightName":"GenericWrite","IsInherited":false,"InheritanceHash":""},{"PrincipalSID":"S-1-5-21-2814148634-3729814499-1637837074-512","PrincipalType":"Group","RightName":"WriteDacl","IsInherited":false,"InheritanceHash":""},{"PrincipalSID":"S-1-5-21-2814148634-3729814499-1637837074-512","PrincipalType":"Group","RightName":"WriteOwner","IsInherited":false,"InheritanceHash":""},{"PrincipalSID":"S-1-5-21-2814148634-3729814499-1637837074-512","PrincipalType":"Group","RightName":"GenericWrite","IsInherited":false,"InheritanceHash":""},{"PrincipalSID":"S-1-5-21-2814148634-3729814499-1637837074-519","PrincipalType":"Group","RightName":"WriteDacl","IsInherited":false,"InheritanceHash":""},{"PrincipalSID":"S-1-5-21-2814148634-3729814499-1637837074-519","PrincipalType":"Group","RightName":"WriteOwner","IsInherited":false,"InheritanceHash":""},{"PrincipalSID":"S-1-5-21-2814148634-3729814499-1637837074-519","PrincipalType":"Group","RightName":"GenericWrite","IsInherited":false,"InheritanceHash":""}],"ObjectIdentifier":"75A5F9B2-060A-4C1A-96E7-30FE1265AA94","IsDeleted":false,"IsACLProtected":true,"ContainedBy":null}],"meta":{"methods":521215,"type":"gpos","count":2,"version":6,"collectorversion":"2.5.7.0"}}