{"data":[{"GPOChanges":{"LocalAdmins":[],"RemoteDesktopUsers":[],"DcomUsers":[],"PSRemoteUsers":[],"AffectedComputers":[]},"Properties":{"domain":"INLANEFREIGHT.LOCAL","name":"CORP@INLANEFREIGHT.LOCAL","distinguishedname":"OU=CORP,DC=INLANEFREIGHT,DC=LOCAL","domainsid":"S-1-5-21-2814148634-3729814499-1637837074","isaclprotected":false,"description":"Corp Organization","whencreated":1654082701,"blocksinheritance":false},"Links":[],"ChildObjects":[],"InheritanceHashes":[],"Aces":[{"PrincipalSID":"S-1-5-21-2814148634-3729814499-1637837074-512","PrincipalType":"Group","RightName":"Owns","IsInherited":false,"InheritanceHash":null},{"PrincipalSID":"S-1-5-21-2814148634-3729814499-1637837074-512","PrincipalType":"Group","RightName":"GenericAll","IsInherited":false,"InheritanceHash":""},{"PrincipalSID":"S-1-5-21-2814148634-3729814499-1637837074-519","PrincipalType":"Group","RightName":"GenericAll","IsInherited":true,"InheritanceHash":"ef685056b3cd7b822bd61b46d2a37de2"},{"PrincipalSID":"INLANEFREIGHT.LOCAL-S-1-5-32-544","PrincipalType":"Group","RightName":"WriteDacl","IsInherited":true,"InheritanceHash":"46b66b0abd4e73f940c5acadaf59fd61"},{"PrincipalSID":"INLANEFREIGHT.LOCAL-S-1-5-32-544","PrincipalType":"Group","RightName":"WriteOwner","IsInherited":true,"InheritanceHash":"46b66b0abd4e73f940c5acadaf59fd61"},{"PrincipalSID":"INLANEFREIGHT.LOCAL-S-1-5-32-544","PrincipalType":"Group","RightName":"GenericWrite","IsInherited":true,"InheritanceHash":"46b66b0abd4e73f940c5acadaf59fd61"}],"ObjectIdentifier":"844E8409-12F8-47BE-8506-E90ECE0D4DA5","IsDeleted":false,"IsACLProtected":false,"ContainedBy":{"ObjectIdentifier":"S-1-5-21-2814148634-3729814499-1637837074","ObjectType":"Domain"}},{"GPOChanges":{"LocalAdmins":[],"RemoteDesktopUsers":[],"DcomUsers":[],"PSRemoteUsers":[],"AffectedComputers":[]},"Properties":{"domain":"INLANEFREIGHT.LOCAL","name":"IT@INLANEFREIGHT.LOCAL","distinguishedname":"OU=IT,OU=CORP,DC=INLANEFREIGHT,DC=LOCAL","domainsid":"S-1-5-21-2814148634-3729814499-1637837074","isaclprotected":false,"description":"Information Technology personnel ","whencreated":1654082701,"blocksinheritance":false},"Links":[],"ChildObjects":[],"InheritanceHashes":[],"Aces":[{"PrincipalSID":"S-1-5-21-2814148634-3729814499-1637837074-512","PrincipalType":"Group","RightName":"Owns","IsInherited":false,"InheritanceHash":null},{"PrincipalSID":"S-1-5-21-2814148634-3729814499-1637837074-512","PrincipalType":"Group","RightName":"GenericAll","IsInherited":false,"InheritanceHash":""},{"PrincipalSID":"S-1-5-21-2814148634-3729814499-1637837074-519","PrincipalType":"Group","RightName":"GenericAll","IsInherited":true,"InheritanceHash":"ef685056b3cd7b822bd61b46d2a37de2"},{"PrincipalSID":"INLANEFREIGHT.LOCAL-S-1-5-32-544","PrincipalType":"Group","RightName":"WriteDacl","IsInherited":true,"InheritanceHash":"46b66b0abd4e73f940c5acadaf59fd61"},{"PrincipalSID":"INLANEFREIGHT.LOCAL-S-1-5-32-544","PrincipalType":"Group","RightName":"WriteOwner","IsInherited":true,"InheritanceHash":"46b66b0abd4e73f940c5acadaf59fd61"},{"PrincipalSID":"INLANEFREIGHT.LOCAL-S-1-5-32-544","PrincipalType":"Group","RightName":"GenericWrite","IsInherited":true,"InheritanceHash":"46b66b0abd4e73f940c5acadaf59fd61"}],"ObjectIdentifier":"85A6481F-3493-470E-BBA0-9DD47C9CB545","IsDeleted":false,"IsACLProtected":false,"ContainedBy":{"ObjectIdentifier":"844E8409-12F8-47BE-8506-E90ECE0D4DA5","ObjectType":"OU"}},{"GPOChanges":{"LocalAdmins":[],"RemoteDesktopUsers":[],"DcomUsers":[],"PSRemoteUsers":[],"AffectedComputers":[]},"Properties":{"domain":"INLANEFREIGHT.LOCAL","name":"HELPDESK@INLANEFREIGHT.LOCAL","distinguishedname":"OU=HELPDESK,OU=IT,OU=CORP,DC=INLANEFREIGHT,DC=LOCAL","domainsid":"S-1-5-21-2814148634-3729814499-1637837074","isaclprotected":false,"description":"Help Desk personnel ","whencreated":1654082701,"blocksinheritance":false},"Links":[],"ChildObjects":[],"InheritanceHashes":[],"Aces":[{"PrincipalSID":"S-1-5-21-2814148634-3729814499-1637837074-512","PrincipalType":"Group","RightName":"Owns","IsInherited":false,"InheritanceHash":null},{"PrincipalSID":"S-1-5-21-2814148634-3729814499-1637837074-512","PrincipalType":"Group","RightName":"GenericAll","IsInherited":false,"InheritanceHash":""},{"PrincipalSID":"S-1-5-21-2814148634-3729814499-1637837074-519","PrincipalType":"Group","RightName":"GenericAll","IsInherited":true,"InheritanceHash":"ef685056b3cd7b822bd61b46d2a37de2"},{"PrincipalSID":"INLANEFREIGHT.LOCAL-S-1-5-32-544","PrincipalType":"Group","RightName":"WriteDacl","IsInherited":true,"InheritanceHash":"46b66b0abd4e73f940c5acadaf59fd61"},{"PrincipalSID":"INLANEFREIGHT.LOCAL-S-1-5-32-544","PrincipalType":"Group","RightName":"WriteOwner","IsInherited":true,"InheritanceHash":"46b66b0abd4e73f940c5acadaf59fd61"},{"PrincipalSID":"INLANEFREIGHT.LOCAL-S-1-5-32-544","PrincipalType":"Group","RightName":"GenericWrite","IsInherited":true,"InheritanceHash":"46b66b0abd4e73f940c5acadaf59fd61"}],"ObjectIdentifier":"574EFE97-3E05-464E-98DD-7B0CB3CE02D1","IsDeleted":false,"IsACLProtected":false,"ContainedBy":{"ObjectIdentifier":"85A6481F-3493-470E-BBA0-9DD47C9CB545","ObjectType":"OU"}},{"GPOChanges":{"LocalAdmins":[],"RemoteDesktopUsers":[],"DcomUsers":[],"PSRemoteUsers":[],"AffectedComputers":[]},"Properties":{"domain":"INLANEFREIGHT.LOCAL","name":"SERVER ADMIN@INLANEFREIGHT.LOCAL","distinguishedname":"OU=SERVER ADMIN,OU=IT,OU=CORP,DC=INLANEFREIGHT,DC=LOCAL","domainsid":"S-1-5-21-2814148634-3729814499-1637837074","isaclprotected":false,"description":"Server Administrators","whencreated":1654082701,"blocksinheritance":false},"Links":[],"ChildObjects":[],"InheritanceHashes":[],"Aces":[{"PrincipalSID":"S-1-5-21-2814148634-3729814499-1637837074-512","PrincipalType":"Group","RightName":"Owns","IsInherited":false,"InheritanceHash":null},{"PrincipalSID":"S-1-5-21-2814148634-3729814499-1637837074-512","PrincipalType":"Group","RightName":"GenericAll","IsInherited":false,"InheritanceHash":""},{"PrincipalSID":"S-1-5-21-2814148634-3729814499-1637837074-519","PrincipalType":"Group","RightName":"GenericAll","IsInherited":true,"InheritanceHash":"ef685056b3cd7b822bd61b46d2a37de2"},{"PrincipalSID":"INLANEFREIGHT.LOCAL-S-1-5-32-544","PrincipalType":"Group","RightName":"WriteDacl","IsInherited":true,"InheritanceHash":"46b66b0abd4e73f940c5acadaf59fd61"},{"PrincipalSID":"INLANEFREIGHT.LOCAL-S-1-5-32-544","PrincipalType":"Group","RightName":"WriteOwner","IsInherited":true,"InheritanceHash":"46b66b0abd4e73f940c5acadaf59fd61"},{"PrincipalSID":"INLANEFREIGHT.LOCAL-S-1-5-32-544","PrincipalType":"Group","RightName":"GenericWrite","IsInherited":true,"InheritanceHash":"46b66b0abd4e73f940c5acadaf59fd61"}],"ObjectIdentifier":"CF5B764B-4F2B-4BE5-8FFE-E039194D2321","IsDeleted":false,"IsACLProtected":false,"ContainedBy":{"ObjectIdentifier":"85A6481F-3493-470E-BBA0-9DD47C9CB545","ObjectType":"OU"}},{"GPOChanges":{"LocalAdmins":[],"RemoteDesktopUsers":[],"DcomUsers":[],"PSRemoteUsers":[],"AffectedComputers":[]},"Properties":{"domain":"INLANEFREIGHT.LOCAL","name":"DEVOPS@INLANEFREIGHT.LOCAL","distinguishedname":"OU=DEVOPS,OU=IT,OU=CORP,DC=INLANEFREIGHT,DC=LOCAL","domainsid":"S-1-5-21-2814148634-3729814499-1637837074","isaclprotected":false,"description":"DevOps personnel","whencreated":1654082701,"blocksinheritance":false},"Links":[],"ChildObjects":[],"InheritanceHashes":[],"Aces":[{"PrincipalSID":"S-1-5-21-2814148634-3729814499-1637837074-512","PrincipalType":"Group","RightName":"Owns","IsInherited":false,"InheritanceHash":null},{"PrincipalSID":"S-1-5-21-2814148634-3729814499-1637837074-512","PrincipalType":"Group","RightName":"GenericAll","IsInherited":false,"InheritanceHash":""},{"PrincipalSID":"S-1-5-21-2814148634-3729814499-1637837074-519","PrincipalType":"Group","RightName":"GenericAll","IsInherited":true,"InheritanceHash":"ef685056b3cd7b822bd61b46d2a37de2"},{"PrincipalSID":"INLANEFREIGHT.LOCAL-S-1-5-32-544","PrincipalType":"Group","RightName":"WriteDacl","IsInherited":true,"InheritanceHash":"46b66b0abd4e73f940c5acadaf59fd61"},{"PrincipalSID":"INLANEFREIGHT.LOCAL-S-1-5-32-544","PrincipalType":"Group","RightName":"WriteOwner","IsInherited":true,"InheritanceHash":"46b66b0abd4e73f940c5acadaf59fd61"},{"PrincipalSID":"INLANEFREIGHT.LOCAL-S-1-5-32-544","PrincipalType":"Group","RightName":"GenericWrite","IsInherited":true,"InheritanceHash":"46b66b0abd4e73f940c5acadaf59fd61"}],"ObjectIdentifier":"F15185F0-B5FF-4605-86FE-5AE88443A3E6","IsDeleted":false,"IsACLProtected":false,"ContainedBy":{"ObjectIdentifier":"85A6481F-3493-470E-BBA0-9DD47C9CB545","ObjectType":"OU"}},{"GPOChanges":{"LocalAdmins":[],"RemoteDesktopUsers":[],"DcomUsers":[],"PSRemoteUsers":[],"AffectedComputers":[]},"Properties":{"domain":"INLANEFREIGHT.LOCAL","name":"IT ADMINS@INLANEFREIGHT.LOCAL","distinguishedname":"OU=IT ADMINS,OU=IT,OU=CORP,DC=INLANEFREIGHT,DC=LOCAL","domainsid":"S-1-5-21-2814148634-3729814499-1637837074","isaclprotected":false,"description":"IT Admins","whencreated":1654082701,"blocksinheritance":false},"Links":[],"ChildObjects":[],"InheritanceHashes":[],"Aces":[{"PrincipalSID":"S-1-5-21-2814148634-3729814499-1637837074-512","PrincipalType":"Group","RightName":"Owns","IsInherited":false,"InheritanceHash":null},{"PrincipalSID":"S-1-5-21-2814148634-3729814499-1637837074-512","PrincipalType":"Group","RightName":"GenericAll","IsInherited":false,"InheritanceHash":""},{"PrincipalSID":"S-1-5-21-2814148634-3729814499-1637837074-519","PrincipalType":"Group","RightName":"GenericAll","IsInherited":true,"InheritanceHash":"ef685056b3cd7b822bd61b46d2a37de2"},{"PrincipalSID":"INLANEFREIGHT.LOCAL-S-1-5-32-544","PrincipalType":"Group","RightName":"WriteDacl","IsInherited":true,"InheritanceHash":"46b66b0abd4e73f940c5acadaf59fd61"},{"PrincipalSID":"INLANEFREIGHT.LOCAL-S-1-5-32-544","PrincipalType":"Group","RightName":"WriteOwner","IsInherited":true,"InheritanceHash":"46b66b0abd4e73f940c5acadaf59fd61"},{"PrincipalSID":"INLANEFREIGHT.LOCAL-S-1-5-32-544","PrincipalType":"Group","RightName":"GenericWrite","IsInherited":true,"InheritanceHash":"46b66b0abd4e73f940c5acadaf59fd61"}],"ObjectIdentifier":"D20D021E-C7AF-4F7D-B2EE-D70A383873E0","IsDeleted":false,"IsACLProtected":false,"ContainedBy":{"ObjectIdentifier":"85A6481F-3493-470E-BBA0-9DD47C9CB545","ObjectType":"OU"}},{"GPOChanges":{"LocalAdmins":[],"RemoteDesktopUsers":[],"DcomUsers":[],"PSRemoteUsers":[],"AffectedComputers":[]},"Properties":{"domain":"INLANEFREIGHT.LOCAL","name":"HUMAN RESOURCES@INLANEFREIGHT.LOCAL","distinguishedname":"OU=HUMAN RESOURCES,OU=CORP,DC=INLANEFREIGHT,DC=LOCAL","domainsid":"S-1-5-21-2814148634-3729814499-1637837074","isaclprotected":false,"description":"Human Resources personnel","whencreated":1654082702,"blocksinheritance":false},"Links":[],"ChildObjects":[],"InheritanceHashes":[],"Aces":[{"PrincipalSID":"S-1-5-21-2814148634-3729814499-1637837074-512","PrincipalType":"Group","RightName":"Owns","IsInherited":false,"InheritanceHash":null},{"PrincipalSID":"S-1-5-21-2814148634-3729814499-1637837074-512","PrincipalType":"Group","RightName":"GenericAll","IsInherited":false,"InheritanceHash":""},{"PrincipalSID":"S-1-5-21-2814148634-3729814499-1637837074-519","PrincipalType":"Group","RightName":"GenericAll","IsInherited":true,"InheritanceHash":"ef685056b3cd7b822bd61b46d2a37de2"},{"PrincipalSID":"INLANEFREIGHT.LOCAL-S-1-5-32-544","PrincipalType":"Group","RightName":"WriteDacl","IsInherited":true,"InheritanceHash":"46b66b0abd4e73f940c5acadaf59fd61"},{"PrincipalSID":"INLANEFREIGHT.LOCAL-S-1-5-32-544","PrincipalType":"Group","RightName":"WriteOwner","IsInherited":true,"InheritanceHash":"46b66b0abd4e73f940c5acadaf59fd61"},{"PrincipalSID":"INLANEFREIGHT.LOCAL-S-1-5-32-544","PrincipalType":"Group","RightName":"GenericWrite","IsInherited":true,"InheritanceHash":"46b66b0abd4e73f940c5acadaf59fd61"}],"ObjectIdentifier":"63AEFF16-957B-44AA-84D8-328FB0039C45","IsDeleted":false,"IsACLProtected":false,"ContainedBy":{"ObjectIdentifier":"844E8409-12F8-47BE-8506-E90ECE0D4DA5","ObjectType":"OU"}},{"GPOChanges":{"LocalAdmins":[],"RemoteDesktopUsers":[],"DcomUsers":[],"PSRemoteUsers":[],"AffectedComputers":[]},"Properties":{"domain":"INLANEFREIGHT.LOCAL","name":"SALES@INLANEFREIGHT.LOCAL","distinguishedname":"OU=SALES,OU=CORP,DC=INLANEFREIGHT,DC=LOCAL","domainsid":"S-1-5-21-2814148634-3729814499-1637837074","isaclprotected":false,"description":"Sales peronnel ","whencreated":1654082702,"blocksinheritance":false},"Links":[],"ChildObjects":[],"InheritanceHashes":[],"Aces":[{"PrincipalSID":"S-1-5-21-2814148634-3729814499-1637837074-512","PrincipalType":"Group","RightName":"Owns","IsInherited":false,"InheritanceHash":null},{"PrincipalSID":"S-1-5-21-2814148634-3729814499-1637837074-512","PrincipalType":"Group","RightName":"GenericAll","IsInherited":false,"InheritanceHash":""},{"PrincipalSID":"S-1-5-21-2814148634-3729814499-1637837074-519","PrincipalType":"Group","RightName":"GenericAll","IsInherited":true,"InheritanceHash":"ef685056b3cd7b822bd61b46d2a37de2"},{"PrincipalSID":"INLANEFREIGHT.LOCAL-S-1-5-32-544","PrincipalType":"Group","RightName":"WriteDacl","IsInherited":true,"InheritanceHash":"46b66b0abd4e73f940c5acadaf59fd61"},{"PrincipalSID":"INLANEFREIGHT.LOCAL-S-1-5-32-544","PrincipalType":"Group","RightName":"WriteOwner","IsInherited":true,"InheritanceHash":"46b66b0abd4e73f940c5acadaf59fd61"},{"PrincipalSID":"INLANEFREIGHT.LOCAL-S-1-5-32-544","PrincipalType":"Group","RightName":"GenericWrite","IsInherited":true,"InheritanceHash":"46b66b0abd4e73f940c5acadaf59fd61"}],"ObjectIdentifier":"C3A097D8-120A-4CC9-A706-6CD47F6E2D5C","IsDeleted":false,"IsACLProtected":false,"ContainedBy":{"ObjectIdentifier":"844E8409-12F8-47BE-8506-E90ECE0D4DA5","ObjectType":"OU"}},{"GPOChanges":{"LocalAdmins":[],"RemoteDesktopUsers":[],"DcomUsers":[],"PSRemoteUsers":[],"AffectedComputers":[]},"Properties":{"domain":"INLANEFREIGHT.LOCAL","name":"SERVICE ACCOUNTS@INLANEFREIGHT.LOCAL","distinguishedname":"OU=SERVICE ACCOUNTS,OU=IT,OU=CORP,DC=INLANEFREIGHT,DC=LOCAL","domainsid":"S-1-5-21-2814148634-3729814499-1637837074","isaclprotected":false,"description":"Service Accounts","whencreated":1654082702,"blocksinheritance":false},"Links":[],"ChildObjects":[],"InheritanceHashes":[],"Aces":[{"PrincipalSID":"S-1-5-21-2814148634-3729814499-1637837074-512","PrincipalType":"Group","RightName":"Owns","IsInherited":false,"InheritanceHash":null},{"PrincipalSID":"S-1-5-21-2814148634-3729814499-1637837074-512","PrincipalType":"Group","RightName":"GenericAll","IsInherited":false,"InheritanceHash":""},{"PrincipalSID":"S-1-5-21-2814148634-3729814499-1637837074-519","PrincipalType":"Group","RightName":"GenericAll","IsInherited":true,"InheritanceHash":"ef685056b3cd7b822bd61b46d2a37de2"},{"PrincipalSID":"INLANEFREIGHT.LOCAL-S-1-5-32-544","PrincipalType":"Group","RightName":"WriteDacl","IsInherited":true,"InheritanceHash":"46b66b0abd4e73f940c5acadaf59fd61"},{"PrincipalSID":"INLANEFREIGHT.LOCAL-S-1-5-32-544","PrincipalType":"Group","RightName":"WriteOwner","IsInherited":true,"InheritanceHash":"46b66b0abd4e73f940c5acadaf59fd61"},{"PrincipalSID":"INLANEFREIGHT.LOCAL-S-1-5-32-544","PrincipalType":"Group","RightName":"GenericWrite","IsInherited":true,"InheritanceHash":"46b66b0abd4e73f940c5acadaf59fd61"}],"ObjectIdentifier":"03E4600F-8B84-4F92-B854-71F36BB9A721","IsDeleted":false,"IsACLProtected":false,"ContainedBy":{"ObjectIdentifier":"85A6481F-3493-470E-BBA0-9DD47C9CB545","ObjectType":"OU"}},{"GPOChanges":{"LocalAdmins":[],"RemoteDesktopUsers":[],"DcomUsers":[],"PSRemoteUsers":[],"AffectedComputers":[]},"Properties":{"domain":"INLANEFREIGHT.LOCAL","name":"OPERATIONS@INLANEFREIGHT.LOCAL","distinguishedname":"OU=OPERATIONS,OU=CORP,DC=INLANEFREIGHT,DC=LOCAL","domainsid":"S-1-5-21-2814148634-3729814499-1637837074","isaclprotected":false,"description":"Operations personnel","whencreated":1654082702,"blocksinheritance":false},"Links":[],"ChildObjects":[],"InheritanceHashes":[],"Aces":[{"PrincipalSID":"S-1-5-21-2814148634-3729814499-1637837074-512","PrincipalType":"Group","RightName":"Owns","IsInherited":false,"InheritanceHash":null},{"PrincipalSID":"S-1-5-21-2814148634-3729814499-1637837074-512","PrincipalType":"Group","RightName":"GenericAll","IsInherited":false,"InheritanceHash":""},{"PrincipalSID":"S-1-5-21-2814148634-3729814499-1637837074-519","PrincipalType":"Group","RightName":"GenericAll","IsInherited":true,"InheritanceHash":"ef685056b3cd7b822bd61b46d2a37de2"},{"PrincipalSID":"INLANEFREIGHT.LOCAL-S-1-5-32-544","PrincipalType":"Group","RightName":"WriteDacl","IsInherited":true,"InheritanceHash":"46b66b0abd4e73f940c5acadaf59fd61"},{"PrincipalSID":"INLANEFREIGHT.LOCAL-S-1-5-32-544","PrincipalType":"Group","RightName":"WriteOwner","IsInherited":true,"InheritanceHash":"46b66b0abd4e73f940c5acadaf59fd61"},{"PrincipalSID":"INLANEFREIGHT.LOCAL-S-1-5-32-544","PrincipalType":"Group","RightName":"GenericWrite","IsInherited":true,"InheritanceHash":"46b66b0abd4e73f940c5acadaf59fd61"}],"ObjectIdentifier":"5C1BD5C8-3733-4AAE-A32A-3750DBDBD04C","IsDeleted":false,"IsACLProtected":false,"ContainedBy":{"ObjectIdentifier":"844E8409-12F8-47BE-8506-E90ECE0D4DA5","ObjectType":"OU"}},{"GPOChanges":{"LocalAdmins":[],"RemoteDesktopUsers":[],"DcomUsers":[],"PSRemoteUsers":[],"AffectedComputers":[]},"Properties":{"domain":"INLANEFREIGHT.LOCAL","name":"MARKETING@INLANEFREIGHT.LOCAL","distinguishedname":"OU=MARKETING,OU=CORP,DC=INLANEFREIGHT,DC=LOCAL","domainsid":"S-1-5-21-2814148634-3729814499-1637837074","isaclprotected":false,"description":"Marketing personnel","whencreated":1654082702,"blocksinheritance":false},"Links":[],"ChildObjects":[],"InheritanceHashes":[],"Aces":[{"PrincipalSID":"S-1-5-21-2814148634-3729814499-1637837074-512","PrincipalType":"Group","RightName":"Owns","IsInherited":false,"InheritanceHash":null},{"PrincipalSID":"S-1-5-21-2814148634-3729814499-1637837074-512","PrincipalType":"Group","RightName":"GenericAll","IsInherited":false,"InheritanceHash":""},{"PrincipalSID":"S-1-5-21-2814148634-3729814499-1637837074-519","PrincipalType":"Group","RightName":"GenericAll","IsInherited":true,"InheritanceHash":"ef685056b3cd7b822bd61b46d2a37de2"},{"PrincipalSID":"INLANEFREIGHT.LOCAL-S-1-5-32-544","PrincipalType":"Group","RightName":"WriteDacl","IsInherited":true,"InheritanceHash":"46b66b0abd4e73f940c5acadaf59fd61"},{"PrincipalSID":"INLANEFREIGHT.LOCAL-S-1-5-32-544","PrincipalType":"Group","RightName":"WriteOwner","IsInherited":true,"InheritanceHash":"46b66b0abd4e73f940c5acadaf59fd61"},{"PrincipalSID":"INLANEFREIGHT.LOCAL-S-1-5-32-544","PrincipalType":"Group","RightName":"GenericWrite","IsInherited":true,"InheritanceHash":"46b66b0abd4e73f940c5acadaf59fd61"}],"ObjectIdentifier":"B9F7872C-A193-460F-9AAF-F668C33ACE49","IsDeleted":false,"IsACLProtected":false,"ContainedBy":{"ObjectIdentifier":"844E8409-12F8-47BE-8506-E90ECE0D4DA5","ObjectType":"OU"}},{"GPOChanges":{"LocalAdmins":[],"RemoteDesktopUsers":[],"DcomUsers":[],"PSRemoteUsers":[],"AffectedComputers":[]},"Properties":{"domain":"INLANEFREIGHT.LOCAL","name":"BUSINESS DEVELOPMENT@INLANEFREIGHT.LOCAL","distinguishedname":"OU=BUSINESS DEVELOPMENT,OU=CORP,DC=INLANEFREIGHT,DC=LOCAL","domainsid":"S-1-5-21-2814148634-3729814499-1637837074","isaclprotected":false,"description":"Business development personnel","whencreated":1654082702,"blocksinheritance":false},"Links":[],"ChildObjects":[],"InheritanceHashes":[],"Aces":[{"PrincipalSID":"S-1-5-21-2814148634-3729814499-1637837074-512","PrincipalType":"Group","RightName":"Owns","IsInherited":false,"InheritanceHash":null},{"PrincipalSID":"S-1-5-21-2814148634-3729814499-1637837074-512","PrincipalType":"Group","RightName":"GenericAll","IsInherited":false,"InheritanceHash":""},{"PrincipalSID":"S-1-5-21-2814148634-3729814499-1637837074-519","PrincipalType":"Group","RightName":"GenericAll","IsInherited":true,"InheritanceHash":"ef685056b3cd7b822bd61b46d2a37de2"},{"PrincipalSID":"INLANEFREIGHT.LOCAL-S-1-5-32-544","PrincipalType":"Group","RightName":"WriteDacl","IsInherited":true,"InheritanceHash":"46b66b0abd4e73f940c5acadaf59fd61"},{"PrincipalSID":"INLANEFREIGHT.LOCAL-S-1-5-32-544","PrincipalType":"Group","RightName":"WriteOwner","IsInherited":true,"InheritanceHash":"46b66b0abd4e73f940c5acadaf59fd61"},{"PrincipalSID":"INLANEFREIGHT.LOCAL-S-1-5-32-544","PrincipalType":"Group","RightName":"GenericWrite","IsInherited":true,"InheritanceHash":"46b66b0abd4e73f940c5acadaf59fd61"}],"ObjectIdentifier":"D753E488-BFAD-43B1-A624-DF7C0AFC98EB","IsDeleted":false,"IsACLProtected":false,"ContainedBy":{"ObjectIdentifier":"844E8409-12F8-47BE-8506-E90ECE0D4DA5","ObjectType":"OU"}},{"GPOChanges":{"LocalAdmins":[],"RemoteDesktopUsers":[],"DcomUsers":[],"PSRemoteUsers":[],"AffectedComputers":[]},"Properties":{"domain":"INLANEFREIGHT.LOCAL","name":"AUDIT@INLANEFREIGHT.LOCAL","distinguishedname":"OU=AUDIT,OU=CORP,DC=INLANEFREIGHT,DC=LOCAL","domainsid":"S-1-5-21-2814148634-3729814499-1637837074","isaclprotected":false,"description":"Audit personnel","whencreated":1654082702,"blocksinheritance":false},"Links":[],"ChildObjects":[],"InheritanceHashes":[],"Aces":[{"PrincipalSID":"S-1-5-21-2814148634-3729814499-1637837074-512","PrincipalType":"Group","RightName":"Owns","IsInherited":false,"InheritanceHash":null},{"PrincipalSID":"S-1-5-21-2814148634-3729814499-1637837074-512","PrincipalType":"Group","RightName":"GenericAll","IsInherited":false,"InheritanceHash":""},{"PrincipalSID":"S-1-5-21-2814148634-3729814499-1637837074-519","PrincipalType":"Group","RightName":"GenericAll","IsInherited":true,"InheritanceHash":"ef685056b3cd7b822bd61b46d2a37de2"},{"PrincipalSID":"INLANEFREIGHT.LOCAL-S-1-5-32-544","PrincipalType":"Group","RightName":"WriteDacl","IsInherited":true,"InheritanceHash":"46b66b0abd4e73f940c5acadaf59fd61"},{"PrincipalSID":"INLANEFREIGHT.LOCAL-S-1-5-32-544","PrincipalType":"Group","RightName":"WriteOwner","IsInherited":true,"InheritanceHash":"46b66b0abd4e73f940c5acadaf59fd61"},{"PrincipalSID":"INLANEFREIGHT.LOCAL-S-1-5-32-544","PrincipalType":"Group","RightName":"GenericWrite","IsInherited":true,"InheritanceHash":"46b66b0abd4e73f940c5acadaf59fd61"}],"ObjectIdentifier":"52C1844A-1A7C-48D3-98C5-CFDDE840658F","IsDeleted":false,"IsACLProtected":false,"ContainedBy":{"ObjectIdentifier":"844E8409-12F8-47BE-8506-E90ECE0D4DA5","ObjectType":"OU"}},{"GPOChanges":{"LocalAdmins":[],"RemoteDesktopUsers":[],"DcomUsers":[],"PSRemoteUsers":[],"AffectedComputers":[]},"Properties":{"domain":"INLANEFREIGHT.LOCAL","name":"FINANCE@INLANEFREIGHT.LOCAL","distinguishedname":"OU=FINANCE,OU=CORP,DC=INLANEFREIGHT,DC=LOCAL","domainsid":"S-1-5-21-2814148634-3729814499-1637837074","isaclprotected":false,"description":"Finance personnel","whencreated":1654082702,"blocksinheritance":false},"Links":[],"ChildObjects":[],"InheritanceHashes":[],"Aces":[{"PrincipalSID":"S-1-5-21-2814148634-3729814499-1637837074-512","PrincipalType":"Group","RightName":"Owns","IsInherited":false,"InheritanceHash":null},{"PrincipalSID":"S-1-5-21-2814148634-3729814499-1637837074-512","PrincipalType":"Group","RightName":"GenericAll","IsInherited":false,"InheritanceHash":""},{"PrincipalSID":"S-1-5-21-2814148634-3729814499-1637837074-519","PrincipalType":"Group","RightName":"GenericAll","IsInherited":true,"InheritanceHash":"ef685056b3cd7b822bd61b46d2a37de2"},{"PrincipalSID":"INLANEFREIGHT.LOCAL-S-1-5-32-544","PrincipalType":"Group","RightName":"WriteDacl","IsInherited":true,"InheritanceHash":"46b66b0abd4e73f940c5acadaf59fd61"},{"PrincipalSID":"INLANEFREIGHT.LOCAL-S-1-5-32-544","PrincipalType":"Group","RightName":"WriteOwner","IsInherited":true,"InheritanceHash":"46b66b0abd4e73f940c5acadaf59fd61"},{"PrincipalSID":"INLANEFREIGHT.LOCAL-S-1-5-32-544","PrincipalType":"Group","RightName":"GenericWrite","IsInherited":true,"InheritanceHash":"46b66b0abd4e73f940c5acadaf59fd61"}],"ObjectIdentifier":"282F9527-3BEF-443F-9488-C35A4F080D59","IsDeleted":false,"IsACLProtected":false,"ContainedBy":{"ObjectIdentifier":"844E8409-12F8-47BE-8506-E90ECE0D4DA5","ObjectType":"OU"}},{"GPOChanges":{"LocalAdmins":[],"RemoteDesktopUsers":[],"DcomUsers":[],"PSRemoteUsers":[],"AffectedComputers":[]},"Properties":{"domain":"INLANEFREIGHT.LOCAL","name":"WORKSTATIONS@INLANEFREIGHT.LOCAL","distinguishedname":"OU=WORKSTATIONS,OU=CORP,DC=INLANEFREIGHT,DC=LOCAL","domainsid":"S-1-5-21-2814148634-3729814499-1637837074","isaclprotected":false,"description":"Corp workstations","whencreated":1654082702,"blocksinheritance":false},"Links":[],"ChildObjects":[],"InheritanceHashes":[],"Aces":[{"PrincipalSID":"S-1-5-21-2814148634-3729814499-1637837074-512","PrincipalType":"Group","RightName":"Owns","IsInherited":false,"InheritanceHash":null},{"PrincipalSID":"S-1-5-21-2814148634-3729814499-1637837074-512","PrincipalType":"Group","RightName":"GenericAll","IsInherited":false,"InheritanceHash":""},{"PrincipalSID":"S-1-5-21-2814148634-3729814499-1637837074-519","PrincipalType":"Group","RightName":"GenericAll","IsInherited":true,"InheritanceHash":"ef685056b3cd7b822bd61b46d2a37de2"},{"PrincipalSID":"INLANEFREIGHT.LOCAL-S-1-5-32-544","PrincipalType":"Group","RightName":"WriteDacl","IsInherited":true,"InheritanceHash":"46b66b0abd4e73f940c5acadaf59fd61"},{"PrincipalSID":"INLANEFREIGHT.LOCAL-S-1-5-32-544","PrincipalType":"Group","RightName":"WriteOwner","IsInherited":true,"InheritanceHash":"46b66b0abd4e73f940c5acadaf59fd61"},{"PrincipalSID":"INLANEFREIGHT.LOCAL-S-1-5-32-544","PrincipalType":"Group","RightName":"GenericWrite","IsInherited":true,"InheritanceHash":"46b66b0abd4e73f940c5acadaf59fd61"}],"ObjectIdentifier":"85385C22-0600-40A4-9822-7BB66B8038D5","IsDeleted":false,"IsACLProtected":false,"ContainedBy":{"ObjectIdentifier":"844E8409-12F8-47BE-8506-E90ECE0D4DA5","ObjectType":"OU"}},{"GPOChanges":{"LocalAdmins":[],"RemoteDesktopUsers":[],"DcomUsers":[],"PSRemoteUsers":[],"AffectedComputers":[]},"Properties":{"domain":"INLANEFREIGHT.LOCAL","name":"SECURITY GROUPS@INLANEFREIGHT.LOCAL","distinguishedname":"OU=SECURITY GROUPS,OU=CORP,DC=INLANEFREIGHT,DC=LOCAL","domainsid":"S-1-5-21-2814148634-3729814499-1637837074","isaclprotected":false,"description":"Security Groups","whencreated":1654082702,"blocksinheritance":false},"Links":[],"ChildObjects":[],"InheritanceHashes":[],"Aces":[{"PrincipalSID":"S-1-5-21-2814148634-3729814499-1637837074-512","PrincipalType":"Group","RightName":"Owns","IsInherited":false,"InheritanceHash":null},{"PrincipalSID":"S-1-5-21-2814148634-3729814499-1637837074-512","PrincipalType":"Group","RightName":"GenericAll","IsInherited":false,"InheritanceHash":""},{"PrincipalSID":"S-1-5-21-2814148634-3729814499-1637837074-519","PrincipalType":"Group","RightName":"GenericAll","IsInherited":true,"InheritanceHash":"ef685056b3cd7b822bd61b46d2a37de2"},{"PrincipalSID":"INLANEFREIGHT.LOCAL-S-1-5-32-544","PrincipalType":"Group","RightName":"WriteDacl","IsInherited":true,"InheritanceHash":"46b66b0abd4e73f940c5acadaf59fd61"},{"PrincipalSID":"INLANEFREIGHT.LOCAL-S-1-5-32-544","PrincipalType":"Group","RightName":"WriteOwner","IsInherited":true,"InheritanceHash":"46b66b0abd4e73f940c5acadaf59fd61"},{"PrincipalSID":"INLANEFREIGHT.LOCAL-S-1-5-32-544","PrincipalType":"Group","RightName":"GenericWrite","IsInherited":true,"InheritanceHash":"46b66b0abd4e73f940c5acadaf59fd61"}],"ObjectIdentifier":"EA78F5A6-6AB5-4932-9208-73AA438F7421","IsDeleted":false,"IsACLProtected":false,"ContainedBy":{"ObjectIdentifier":"844E8409-12F8-47BE-8506-E90ECE0D4DA5","ObjectType":"OU"}},{"GPOChanges":{"LocalAdmins":[],"RemoteDesktopUsers":[],"DcomUsers":[],"PSRemoteUsers":[],"AffectedComputers":[]},"Properties":{"domain":"INLANEFREIGHT.LOCAL","name":"SERVERS@INLANEFREIGHT.LOCAL","distinguishedname":"OU=SERVERS,OU=CORP,DC=INLANEFREIGHT,DC=LOCAL","domainsid":"S-1-5-21-2814148634-3729814499-1637837074","isaclprotected":false,"description":"Servers","whencreated":1654082702,"blocksinheritance":false},"Links":[],"ChildObjects":[],"InheritanceHashes":[],"Aces":[{"PrincipalSID":"S-1-5-21-2814148634-3729814499-1637837074-512","PrincipalType":"Group","RightName":"Owns","IsInherited":false,"InheritanceHash":null},{"PrincipalSID":"S-1-5-21-2814148634-3729814499-1637837074-512","PrincipalType":"Group","RightName":"GenericAll","IsInherited":false,"InheritanceHash":""},{"PrincipalSID":"S-1-5-21-2814148634-3729814499-1637837074-519","PrincipalType":"Group","RightName":"GenericAll","IsInherited":true,"InheritanceHash":"ef685056b3cd7b822bd61b46d2a37de2"},{"PrincipalSID":"INLANEFREIGHT.LOCAL-S-1-5-32-544","PrincipalType":"Group","RightName":"WriteDacl","IsInherited":true,"InheritanceHash":"46b66b0abd4e73f940c5acadaf59fd61"},{"PrincipalSID":"INLANEFREIGHT.LOCAL-S-1-5-32-544","PrincipalType":"Group","RightName":"WriteOwner","IsInherited":true,"InheritanceHash":"46b66b0abd4e73f940c5acadaf59fd61"},{"PrincipalSID":"INLANEFREIGHT.LOCAL-S-1-5-32-544","PrincipalType":"Group","RightName":"GenericWrite","IsInherited":true,"InheritanceHash":"46b66b0abd4e73f940c5acadaf59fd61"}],"ObjectIdentifier":"CD588349-F544-478D-B6BF-A0B7E927DE15","IsDeleted":false,"IsACLProtected":false,"ContainedBy":{"ObjectIdentifier":"844E8409-12F8-47BE-8506-E90ECE0D4DA5","ObjectType":"OU"}},{"GPOChanges":{"LocalAdmins":[],"RemoteDesktopUsers":[],"DcomUsers":[],"PSRemoteUsers":[],"AffectedComputers":[]},"Properties":{"domain":"INLANEFREIGHT.LOCAL","name":"SQL SERVERS@INLANEFREIGHT.LOCAL","distinguishedname":"OU=SQL SERVERS,OU=SERVERS,OU=CORP,DC=INLANEFREIGHT,DC=LOCAL","domainsid":"S-1-5-21-2814148634-3729814499-1637837074","isaclprotected":false,"description":"SQL Servers","whencreated":1654082702,"blocksinheritance":false},"Links":[],"ChildObjects":[],"InheritanceHashes":[],"Aces":[{"PrincipalSID":"S-1-5-21-2814148634-3729814499-1637837074-512","PrincipalType":"Group","RightName":"Owns","IsInherited":false,"InheritanceHash":null},{"PrincipalSID":"S-1-5-21-2814148634-3729814499-1637837074-512","PrincipalType":"Group","RightName":"GenericAll","IsInherited":false,"InheritanceHash":""},{"PrincipalSID":"S-1-5-21-2814148634-3729814499-1637837074-519","PrincipalType":"Group","RightName":"GenericAll","IsInherited":true,"InheritanceHash":"ef685056b3cd7b822bd61b46d2a37de2"},{"PrincipalSID":"INLANEFREIGHT.LOCAL-S-1-5-32-544","PrincipalType":"Group","RightName":"WriteDacl","IsInherited":true,"InheritanceHash":"46b66b0abd4e73f940c5acadaf59fd61"},{"PrincipalSID":"INLANEFREIGHT.LOCAL-S-1-5-32-544","PrincipalType":"Group","RightName":"WriteOwner","IsInherited":true,"InheritanceHash":"46b66b0abd4e73f940c5acadaf59fd61"},{"PrincipalSID":"INLANEFREIGHT.LOCAL-S-1-5-32-544","PrincipalType":"Group","RightName":"GenericWrite","IsInherited":true,"InheritanceHash":"46b66b0abd4e73f940c5acadaf59fd61"}],"ObjectIdentifier":"7EDA3465-BA3F-4147-9952-2D8C2317E259","IsDeleted":false,"IsACLProtected":false,"ContainedBy":{"ObjectIdentifier":"CD588349-F544-478D-B6BF-A0B7E927DE15","ObjectType":"OU"}},{"GPOChanges":{"LocalAdmins":[],"RemoteDesktopUsers":[],"DcomUsers":[],"PSRemoteUsers":[],"AffectedComputers":[]},"Properties":{"domain":"INLANEFREIGHT.LOCAL","name":"FILE SERVERS@INLANEFREIGHT.LOCAL","distinguishedname":"OU=FILE SERVERS,OU=SERVERS,OU=CORP,DC=INLANEFREIGHT,DC=LOCAL","domainsid":"S-1-5-21-2814148634-3729814499-1637837074","isaclprotected":false,"description":"File Servers","whencreated":1654082702,"blocksinheritance":false},"Links":[],"ChildObjects":[],"InheritanceHashes":[],"Aces":[{"PrincipalSID":"S-1-5-21-2814148634-3729814499-1637837074-512","PrincipalType":"Group","RightName":"Owns","IsInherited":false,"InheritanceHash":null},{"PrincipalSID":"S-1-5-21-2814148634-3729814499-1637837074-512","PrincipalType":"Group","RightName":"GenericAll","IsInherited":false,"InheritanceHash":""},{"PrincipalSID":"S-1-5-21-2814148634-3729814499-1637837074-519","PrincipalType":"Group","RightName":"GenericAll","IsInherited":true,"InheritanceHash":"ef685056b3cd7b822bd61b46d2a37de2"},{"PrincipalSID":"INLANEFREIGHT.LOCAL-S-1-5-32-544","PrincipalType":"Group","RightName":"WriteDacl","IsInherited":true,"InheritanceHash":"46b66b0abd4e73f940c5acadaf59fd61"},{"PrincipalSID":"INLANEFREIGHT.LOCAL-S-1-5-32-544","PrincipalType":"Group","RightName":"WriteOwner","IsInherited":true,"InheritanceHash":"46b66b0abd4e73f940c5acadaf59fd61"},{"PrincipalSID":"INLANEFREIGHT.LOCAL-S-1-5-32-544","PrincipalType":"Group","RightName":"GenericWrite","IsInherited":true,"InheritanceHash":"46b66b0abd4e73f940c5acadaf59fd61"}],"ObjectIdentifier":"FFDA2CB1-BB16-4FA9-856F-9528FA4D4A8D","IsDeleted":false,"IsACLProtected":false,"ContainedBy":{"ObjectIdentifier":"CD588349-F544-478D-B6BF-A0B7E927DE15","ObjectType":"OU"}},{"GPOChanges":{"LocalAdmins":[],"RemoteDesktopUsers":[],"DcomUsers":[],"PSRemoteUsers":[],"AffectedComputers":[]},"Properties":{"domain":"INLANEFREIGHT.LOCAL","name":"WEB SERVERS@INLANEFREIGHT.LOCAL","distinguishedname":"OU=WEB SERVERS,OU=SERVERS,OU=CORP,DC=INLANEFREIGHT,DC=LOCAL","domainsid":"S-1-5-21-2814148634-3729814499-1637837074","isaclprotected":false,"description":"Web Servers","whencreated":1654082702,"blocksinheritance":false},"Links":[],"ChildObjects":[],"InheritanceHashes":[],"Aces":[{"PrincipalSID":"S-1-5-21-2814148634-3729814499-1637837074-512","PrincipalType":"Group","RightName":"Owns","IsInherited":false,"InheritanceHash":null},{"PrincipalSID":"S-1-5-21-2814148634-3729814499-1637837074-512","PrincipalType":"Group","RightName":"GenericAll","IsInherited":false,"InheritanceHash":""},{"PrincipalSID":"S-1-5-21-2814148634-3729814499-1637837074-519","PrincipalType":"Group","RightName":"GenericAll","IsInherited":true,"InheritanceHash":"ef685056b3cd7b822bd61b46d2a37de2"},{"PrincipalSID":"INLANEFREIGHT.LOCAL-S-1-5-32-544","PrincipalType":"Group","RightName":"WriteDacl","IsInherited":true,"InheritanceHash":"46b66b0abd4e73f940c5acadaf59fd61"},{"PrincipalSID":"INLANEFREIGHT.LOCAL-S-1-5-32-544","PrincipalType":"Group","RightName":"WriteOwner","IsInherited":true,"InheritanceHash":"46b66b0abd4e73f940c5acadaf59fd61"},{"PrincipalSID":"INLANEFREIGHT.LOCAL-S-1-5-32-544","PrincipalType":"Group","RightName":"GenericWrite","IsInherited":true,"InheritanceHash":"46b66b0abd4e73f940c5acadaf59fd61"}],"ObjectIdentifier":"DD6565FC-9F98-48EB-96AA-7E23766AA60B","IsDeleted":false,"IsACLProtected":false,"ContainedBy":{"ObjectIdentifier":"CD588349-F544-478D-B6BF-A0B7E927DE15","ObjectType":"OU"}},{"GPOChanges":{"LocalAdmins":[],"RemoteDesktopUsers":[],"DcomUsers":[],"PSRemoteUsers":[],"AffectedComputers":[{"ObjectIdentifier":"S-1-5-21-2814148634-3729814499-1637837074-1000","ObjectType":"Computer"}]},"Properties":{"domain":"INLANEFREIGHT.LOCAL","name":"DOMAIN CONTROLLERS@INLANEFREIGHT.LOCAL","distinguishedname":"OU=DOMAIN CONTROLLERS,DC=INLANEFREIGHT,DC=LOCAL","domainsid":"S-1-5-21-2814148634-3729814499-1637837074","isaclprotected":false,"description":"Default container for domain controllers","whencreated":1654081868,"blocksinheritance":false},"Links":[{"IsEnforced":false,"GUID":"75A5F9B2-060A-4C1A-96E7-30FE1265AA94"}],"ChildObjects":[],"InheritanceHashes":[],"Aces":[{"PrincipalSID":"S-1-5-21-2814148634-3729814499-1637837074-512","PrincipalType":"Group","RightName":"Owns","IsInherited":false,"InheritanceHash":null},{"PrincipalSID":"S-1-5-21-2814148634-3729814499-1637837074-512","PrincipalType":"Group","RightName":"WriteDacl","IsInherited":false,"InheritanceHash":""},{"PrincipalSID":"S-1-5-21-2814148634-3729814499-1637837074-512","PrincipalType":"Group","RightName":"WriteOwner","IsInherited":false,"InheritanceHash":""},{"PrincipalSID":"S-1-5-21-2814148634-3729814499-1637837074-512","PrincipalType":"Group","RightName":"GenericWrite","IsInherited":false,"InheritanceHash":""},{"PrincipalSID":"S-1-5-21-2814148634-3729814499-1637837074-519","PrincipalType":"Group","RightName":"GenericAll","IsInherited":true,"InheritanceHash":"ef685056b3cd7b822bd61b46d2a37de2"},{"PrincipalSID":"INLANEFREIGHT.LOCAL-S-1-5-32-544","PrincipalType":"Group","RightName":"WriteDacl","IsInherited":true,"InheritanceHash":"46b66b0abd4e73f940c5acadaf59fd61"},{"PrincipalSID":"INLANEFREIGHT.LOCAL-S-1-5-32-544","PrincipalType":"Group","RightName":"WriteOwner","IsInherited":true,"InheritanceHash":"46b66b0abd4e73f940c5acadaf59fd61"},{"PrincipalSID":"INLANEFREIGHT.LOCAL-S-1-5-32-544","PrincipalType":"Group","RightName":"GenericWrite","IsInherited":true,"InheritanceHash":"46b66b0abd4e73f940c5acadaf59fd61"}],"ObjectIdentifier":"B58D66C6-E350-4B99-963B-942F3220B918","IsDeleted":false,"IsACLProtected":false,"ContainedBy":{"ObjectIdentifier":"S-1-5-21-2814148634-3729814499-1637837074","ObjectType":"Domain"}}],"meta":{"methods":521215,"type":"ous","count":21,"version":6,"collectorversion":"2.5.7.0"}}